"Freq [GHz]","dB(St(1,7)) []"
1,1.31695629191414
1.006,0.920413120228738
1.012,0.878036212795687
1.018,0.931272400918314
1.024,1.03277499194083
1.03,1.16323997448333
1.036,1.31147606309806
1.042,1.4698952796268
1.048,1.63323648047119
1.054,1.79739170900629
1.06,1.95956737352976
1.066,2.1172575321066
1.072,2.26903904971591
1.078,2.4126400131552
1.084,2.54792198190688
1.09,2.67375734102651
1.096,2.78960705152694
1.102,2.89509976949831
1.108,2.99006056814821
1.114,3.07433019633748
1.12,3.14800492887632
1.126,3.21123561854589
1.132,3.26428045011824
1.138,3.30745713172709
1.144,3.34121010746703
1.15,3.36596053255474
1.156,3.38222717226353
1.162,3.39055479121301
1.168,3.39150152435345
1.174,3.38552625212342
1.18,3.37377867492518
1.186,3.35608523260259
1.192,3.33339280210264
1.198,3.30624489820562
1.204,3.27520124265986
1.21,3.24103477628904
1.216,3.20336180101067
1.222,3.16371318901962
1.228,3.12211966331904
1.234,3.0790246627093
1.24,3.03482670747833
1.246,2.98989166558692
1.252,2.94455512934605
1.258,2.89912494425613
1.264,2.85388687710799
1.27,2.80912488962804
1.276,2.76527135236081
1.282,2.71858876408051
1.288,2.67948321683047
1.294,2.63854871213836
1.3,2.5988993344474
1.306,2.56072087574183
1.312,2.52411447515488
1.318,2.48915523852961
1.324,2.45590199012305
1.33,2.42439997121725
1.336,2.39468081841867
1.342,2.36675584202765
1.348,2.34052964567478
1.354,2.31700264686365
1.36,2.2943473161398
1.366,2.27376925535453
1.372,2.25504615896007
1.378,2.23814190456999
1.384,2.22302997920549
1.39,2.20968271272429
1.396,2.19806954343064
1.402,2.18815677058366
1.408,2.17990785042343
1.414,2.173285358687
1.42,2.16829140883143
1.426,2.16465439078023
1.432,2.16262890857607
1.438,2.16200922648261
1.444,2.16274752954601
1.45,2.16478047057761
1.456,2.16803850071272
1.462,2.17244676451426
1.468,2.17792536946065
1.474,2.18438967033642
1.48,2.19175068909819
1.486,2.19991569671825
1.492,2.20878895069126
1.498,2.21827256328135
1.504,2.22826746314543
1.51,2.23867440544178
1.516,2.2493949827964
1.522,2.26033259128749
1.528,2.27139331124279
1.534,2.2824866710862
1.54,2.29352627249133
1.546,2.30443026547539
1.552,2.31512167174698
1.558,2.32552856283454
1.564,2.33576581389366
1.57,2.3459762215265
1.576,2.35550527923413
1.582,2.36435408788985
1.588,2.37252375841631
1.594,2.38001540376546
1.6,2.3868301312015
1.606,2.3929690352843
1.612,2.39843319227489
1.618,2.40322365726471
1.624,2.40734146637695
1.63,2.41078764829962
1.636,2.4135632529762
1.642,2.41566941212535
1.648,2.41710745992881
1.654,2.41787917094323
1.66,2.41798723674099
1.666,2.41743626019495
1.672,2.41623497498088
1.678,2.41440174451088
1.684,2.41198054179008
1.69,2.40910098321612
1.696,2.40634333951722
1.702,2.41721902890733
1.708,2.38925209435071
1.714,2.38533511825147
1.72,2.37912441201251
1.726,2.3718649391118
1.732,2.36376887759931
1.738,2.35490458495091
1.744,2.34530327236022
1.75,2.33498358683212
1.756,2.32395955001263
1.762,2.31224572640685
1.768,2.29987934659557
1.774,2.28551787636823
1.78,2.27275656777004
1.786,2.25831137528193
1.792,2.24314677754263
1.798,2.2272799396936
1.804,2.21070629495827
1.81,2.1934972282927
1.816,2.17547961734221
1.822,2.15678037762932
1.828,2.13736189076522
1.834,2.1172159328212
1.84,2.09633557251108
1.846,2.07471193102545
1.852,2.05234143431256
1.858,2.02921442853644
1.864,2.00532396423562
1.87,1.98066249925152
1.876,1.95522225783662
1.882,1.92899523420773
1.888,1.90197318580079
1.894,1.87414765154225
1.9,1.8455100907724
1.906,1.81605280721312
1.912,1.78578687050239
1.918,1.75459550166633
1.924,1.72261818416622
1.93,1.68976667238845
1.936,1.65603465659292
1.942,1.62140746954651
1.948,1.58586594484862
1.954,1.54938350233866
1.96,1.51191771837806
1.966,1.47338505952731
1.972,1.433561866866
1.978,1.39142446491555
1.984,1.28646833628727
1.99,1.31759168197996
1.996,1.27214565043971
2.002,1.2273920124181
2.008,1.18203117917676
2.014,1.13580347019571
2.02,1.08861410914612
2.026,1.04041424221925
2.032,0.991171826679436
2.038,0.94086205049287
2.044,0.889463533588555
2.05,0.83695661259033
2.056,0.783322488011503
2.062,0.728542767590711
2.068,0.672599207000534
2.074,0.615473555568504
2.08,0.557147460988843
2.086,0.497602408725563
2.092,0.4368196826331
2.098,0.374780339001466
2.104,0.311465189348692
2.11,0.246854789059092
2.116,0.180929430011492
2.122,0.113669135976295
2.128,0.039263531778922
2.134,-0.0398888497339745
2.14,-0.117678848468367
2.146,-0.194638096150948
2.152,-0.271247857516415
2.158,-0.347944431207146
2.164,-0.425123712405958
2.17,-0.503145050103761
2.176,-0.582334517816443
2.182,-0.662987702625972
2.188,-0.745372104458665
2.194,-0.829729225807115
2.2,-0.916276421604443
2.206,-1.00520856939985
2.212,-1.09669961086198
2.218,-1.19090400611372
2.224,-1.28795813103988
2.23,-1.38798163194727
2.236,-1.49107872709987
2.242,-1.5973394019443
2.248,-1.70684036773422
2.254,-1.81964551024153
2.26,-1.93580528604988
2.266,-2.05535401369775
2.272,-2.17830304030737
2.278,-2.30462595514849
2.284,-2.43422875250894
2.29,-2.56689243704208
2.296,-2.70216858091628
2.302,-2.83920701636745
2.308,-2.97652912908042
2.314,-3.11190772599585
2.32,-3.24284273719224
2.326,-3.36824626178348
2.332,-3.49058953672368
2.338,-3.61548747219586
2.344,-3.74791148410833
2.35,-3.88942852933228
2.356,-4.03891139559576
2.362,-4.19441378657116
2.368,-4.35424593546025
2.374,-4.5172254081682
2.38,-4.68259195718873
2.386,-4.84986705148067
2.392,-5.0187439145327
2.398,-5.18901636122062
2.404,-5.36053607476563
2.41,-5.53318774478938
2.416,-5.70687475573424
2.422,-5.88151094963966
2.428,-6.05701585010669
2.434,-6.23331184865883
2.44,-6.41032249708733
2.446,-6.58797141489943
2.452,-6.76618152866697
2.458,-6.94487447853511
2.464,-7.12397009513606
2.47,-7.30338588941723
2.476,-7.48303652068438
2.482,-7.66283322142756
2.488,-7.84268316522138
2.494,-8.02248876848125
2.5,-8.20214691947115
2.506,-8.38154812951171
2.512,-8.56057560233124
2.518,-8.73910421825685
2.524,-8.91699943067858
2.53,-9.09411607309509
2.536,-9.27029707620003
2.542,-9.44537209600918
2.548,-9.61915605607754
2.554,-9.7914476095261
2.56,-9.96202753001118
2.566,-10.1306570450406
2.572,-10.2970761302873
2.578,-10.4610017898689
2.584,-10.6221263550255
2.59,-10.7801158422596
2.596,-10.9346084217565
2.602,-11.0852130576344
2.608,-11.2315083929926
2.614,-11.3730419643768
2.62,-11.5093298414894
2.626,-11.6398567978181
2.632,-11.7640771251614
2.638,-11.8814162083482
2.644,-11.9912729741435
2.65,-12.0930233186323
2.656,-12.1860245985809
2.662,-12.2696212429538
2.668,-12.3431515000641
2.674,-12.4059552838142
2.68,-12.4573830204373
2.686,-12.4968053278714
2.692,-12.523623287812
2.698,-12.5372790015223
2.704,-12.5372660616557
2.71,-12.5231395311094
2.716,-12.4945250031294
2.722,-12.4511263297291
2.728,-12.3927316504423
2.734,-12.3192174295327
2.74,-12.2305503123051
2.746,-12.1267867320142
2.752,-12.0080703275027
2.758,-11.8746273565666
2.764,-11.7267604001515
2.77,-11.564840738948
2.776,-11.3892998410478
2.782,-11.2006204250453
2.788,-10.9993275589034
2.794,-10.7859802255916
2.8,-10.5611637384513
2.806,-10.325483329785
2.812,-10.0795591724225
2.818,-9.82402303206985
2.824,-9.55951669257846
2.83,-9.28669224950841
2.836,-9.00621433024321
2.842,-8.71876427035694
2.848,-8.42504625323435
2.854,-8.12579539887431
2.86,-7.821787762739
2.866,-7.51385216946938
2.872,-7.20288375100241
2.878,-6.88985897475156
2.884,-6.57585182516898
2.89,-6.26205063204171
2.896,-5.94977481531462
2.902,-5.64049054081682
2.908,-5.33582397134074
2.914,-5.03757050003823
2.92,-4.74769817121559
2.926,-4.46834364532532
2.932,-4.20180003955351
2.938,-3.95049903704843
2.944,-3.71699877037143
2.95,-3.50401965954292
2.956,-3.31470126617169
2.962,-3.15404067007564
2.968,-3.03492596611961
2.974,-2.83203556965678
2.98,-2.76979087288082
2.986,-2.71920404262772
2.992,-2.69355052773452
2.998,-2.69473298128263
3.004,-2.72241205177556
3.01,-2.77537089313765
3.016,-2.85189586880377
3.022,-2.94996467249119
3.028,-3.06737852605292
3.034,-3.20186770012172
3.04,-3.35117656705154
3.046,-3.51312952546399
3.052,-3.68567884638016
3.058,-3.86693620565118
3.064,-4.05519032147096
3.07,-4.24891343339959
3.076,-4.44675934478066
3.082,-4.64755549912798
3.088,-4.850291180202
3.094,-5.0541035023785
3.1,-5.25826245146448
3.106,-5.46215587938537
3.112,-5.6652750627438
3.118,-5.86720120605911
3.124,-6.06759309937063
3.13,-6.2661760175297
3.136,-6.46273186497561
3.142,-6.65709051588146
3.148,-6.84912226742899
3.154,-7.03873130729919
3.16,-7.22585009036785
3.166,-7.41043452042097
3.172,-7.59245983781406
3.178,-7.77191712152718
3.184,-7.94881032274606
3.19,-8.12315375608498
3.196,-8.29496998333511
3.202,-8.46428803285412
3.208,-8.63114190524688
3.214,-8.79556932275445
3.22,-8.95761068576349
3.226,-9.11730820510468
3.232,-9.27470518337983
3.238,-9.42984542250909
3.244,-9.5827727380881
3.25,-9.73353056405755
3.256,-9.88160705899501
3.262,-10.0280312546568
3.268,-10.1728218633916
3.274,-10.3160002339318
3.28,-10.4575899715502
3.286,-10.5976166023675
3.292,-10.7361072769606
3.298,-10.8730905089147
3.304,-11.0085959444148
3.31,-11.1426541593852
3.316,-11.2752964810586
3.322,-11.4065548311946
3.328,-11.5364615884716
3.334,-11.6650494678497
3.34,-11.7923514149471
3.346,-11.9184005136932
3.352,-12.0432299057174
3.358,-12.1668727201084
3.364,-12.2893620123371
3.37,-12.4107307112761
3.376,-12.531011573372
3.382,-12.6502371431448
3.388,-12.7684397192813
3.394,-12.8856513256879
3.4,-13.0019036869409
3.406,-13.1172282076524
3.412,-13.2316559553299
3.418,-13.3452176463708
3.424,-13.4579436348838
3.43,-13.569863904082
3.436,-13.6810080600335
3.442,-13.7914053275991
3.448,-13.9010845484252
3.454,-14.0100741808941
3.46,-14.1184023019695
3.466,-14.226096610905
3.472,-14.3331844348151
3.478,-14.4396927361372
3.484,-14.5456481220408
3.49,-14.6510768558684
3.496,-14.756004870721
3.502,-14.8604577853258
3.508,-14.9644609223537
3.514,-15.068039329381
3.52,-15.1712178027171
3.526,-15.2740209143493
3.532,-15.3764730422845
3.538,-15.4785984045999
3.544,-15.5804210975423
3.55,-15.6819651380525
3.556,-15.7832545111206
3.562,-15.8843132224159
3.568,-15.9851653566687
3.574,-16.0858351423212
3.58,-16.1863470230003
3.586,-16.2867257364066
3.592,-16.3869964012544
3.598,-16.4871846129377
3.604,-16.5873165486396
3.61,-16.6874190826452
3.616,-16.7875199126561
3.622,-16.8876476979485
3.628,-16.9878322102502
3.634,-17.0881044982496
3.64,-17.1884970666763
3.646,-17.2890440709163
3.652,-17.3897815281401
3.658,-17.4907475459222
3.664,-17.5919825693222
3.67,-17.6935296473653
3.676,-17.79543471981
3.682,-17.897746925014
3.688,-18.0005189295945
3.694,-18.1038072804331
3.7,-18.2076727793753
3.706,-18.3121808807249
3.712,-18.4174021113154
3.718,-18.5234125125524
3.724,-18.6302941033419
3.73,-18.738135362248
3.736,-18.8470317265423
3.742,-18.9570861050013
3.748,-19.0684094003791
3.754,-19.1811210364026
3.76,-19.2953494829182
3.766,-19.4112327714419
3.772,-19.5289189918463
3.778,-19.6485667592559
3.784,-19.770345638446
3.79,-19.8944365111743
3.796,-20.0210318699681
3.802,-20.1503360200094
3.808,-20.2825651689795
3.814,-20.4179473831605
3.82,-20.556722386859
3.826,-20.6991411814677
3.832,-20.845465460389
3.838,-20.9959667967707
3.844,-21.1509255827549
3.85,-21.3106297018797
3.856,-21.4753729205509
3.862,-21.6454529902472
3.868,-21.8211694593606
3.874,-22.0028212022865
3.88,-22.1907036834008
3.886,-22.3851059846324
3.892,-22.5863076370498
3.898,-22.7945753086748
3.904,-23.0101594119822
3.91,-23.2332907044744
3.916,-23.4641769635693
3.922,-23.7029998220595
3.928,-23.9499118519361
3.934,-24.2050339819493
3.94,-24.468453327671
3.946,-24.7402215020835
3.952,-25.0203534602245
3.958,-25.3088269138337
3.964,-25.6055823322316
3.97,-25.9105235249123
3.976,-26.2235187807992
3.982,-26.5444025199609
3.988,-26.8729773969165
3.994,-27.209016781315
4,-27.5522675323467
4.006,-27.9024529779976
4.012,-28.2592760091548
4.018,-28.6224222013005
4.024,-28.9915628825508
4.03,-29.366358075428
4.036,-29.7464592502348
4.042,-30.1315118394663
4.048,-30.5211574746375
4.054,-30.9150359186184
4.06,-31.3127866775586
4.066,-31.7140502864154
4.072,-32.1184692707518
4.078,-32.5256887947667
4.084,-32.9353570114564
4.09,-33.3471251355081
4.096,-33.7606472631217
4.102,-34.1755799656582
4.108,-34.5915816860244
4.114,-35.0083119682387
4.12,-35.425430551881
4.126,-35.8425963642942
4.132,-36.2594664446241
4.138,-36.6756948351665
4.144,-37.0909314771127
4.15,-37.5048211496633
4.156,-37.9170024935868
4.162,-38.3271071625396
4.168,-38.7347591476864
4.174,-39.1395743231379
4.18,-39.5411602611663
4.186,-39.9391163667078
4.192,-40.3330343798991
4.198,-40.7224992928615
4.204,-41.1070907221674
4.21,-41.4863847709542
4.216,-41.859956404103
4.222,-42.2273823460387
4.228,-42.5882444934915
4.234,-42.9421338152114
4.24,-43.2886546877076
4.246,-43.6274295915195
4.252,-43.958104067602
4.258,-44.2803518097618
4.264,-44.5938797485652
4.27,-44.8984329666966
4.276,-45.1937992772323
4.282,-45.4798132961952
4.288,-45.7563598500453
4.294,-46.0233765776665
4.3,-46.2808556143001
4.306,-46.5288442803024
4.312,-46.7674447383122
4.318,-46.9968126256479
4.324,-47.2171547114382
4.33,-47.4287256671579
4.336,-47.6318240722556
4.342,-47.82678780145
4.348,-48.0139889558578
4.354,-48.1938285060819
4.36,-48.3667308122471
4.366,-48.5331381748788
4.372,-48.6935055531589
4.378,-48.8482955653438
4.384,-48.9979738619433
4.39,-49.1430049374455
4.396,-49.2838484224382
4.402,-49.4209558761121
4.408,-49.5547680801369
4.414,-49.6857128192169
4.42,-49.814203121408
4.426,-49.9406359223939
4.432,-50.0653911120993
4.438,-50.1888309188578
4.444,-50.3112995854053
4.45,-50.433123291767
4.456,-50.5546102822143
4.462,-50.6760511564814
4.468,-50.7977192890298
4.474,-50.9198713440248
4.48,-51.0427478576584
4.486,-51.1665738633167
4.492,-51.2915595387617
4.498,-51.4179008578827
4.504,-51.54578023263
4.51,-51.675367133458
4.516,-51.8068186789807
4.522,-51.9402801875706
4.528,-52.0758856853657
4.534,-52.2137583665912
4.54,-52.3540110032886
4.546,-52.4967463025163
4.552,-52.6420572098552
4.558,-52.7900271586669
4.564,-52.9407302650219
4.57,-53.0942314685822
4.576,-53.2505866199925
4.582,-53.4098425155447
4.588,-53.5720368800392
4.594,-53.7371982988959
4.6,-53.905346100686
4.606,-54.0764901913799
4.612,-54.2506308417411
4.618,-54.427758429477
4.624,-54.6078531379762
4.63,-54.7908846137565
4.636,-54.9768115851097
4.642,-55.1655814448997
4.648,-55.3571298010419
4.654,-55.5513799988909
4.66,-55.7482426206032
4.666,-55.947614967532
4.672,-56.1493805328579
4.678,-56.3534084729709
4.684,-56.5595530876009
4.69,-56.7676533203163
4.696,-56.9775322927773
4.702,-57.1889968879953
4.708,-57.4018373997647
4.714,-57.6158272673383
4.72,-57.8307229162154
4.726,-58.0462637274987
4.732,-58.2621721595124
4.738,-58.478154046102
4.744,-58.6938990960778
4.75,-58.9090816174333
4.756,-59.1233614880542
4.762,-59.336385391461
4.768,-59.5477883315367
4.774,-59.7571954340512
4.78,-59.9642240350896
4.786,-60.1684860472551
4.792,-60.3695905839459
4.798,-60.5671468103962
4.804,-60.7607669780065
4.81,-60.9500695863514
4.816,-61.1346826059034
4.822,-61.3142466847429
4.828,-61.4884182551872
4.834,-61.6568724521892
4.84,-61.8193057551707
4.846,-61.975438269171
4.852,-62.1250155699876
4.858,-62.2678100512276
4.864,-62.4036217283959
4.87,-62.5322784754956
4.876,-62.6536356920202
4.882,-62.7675754213641
4.888,-62.874004964221
4.894,-62.9728550511018
4.9,-63.0640776555326
4.906,-63.1476435428082
4.912,-63.2235396577752
4.918,-63.2917664586592
4.924,-63.3523353025227
4.93,-63.4052659818232
4.936,-63.4505845013319
4.942,-63.4883211710943
4.948,-63.5185090749916
4.954,-63.5411829566552
4.96,-63.556378545829
4.966,-63.5641323295649
4.972,-63.5644817545456
4.978,-63.5574658300375
4.984,-63.543126085959
4.99,-63.5215078278291
4.996,-63.4926616202597
5.002,-63.4566449235187
5.008,-63.4135238036712
5.014,-63.3633746360662
5.02,-63.3062857243836
5.026,-63.2423587630236
5.032,-63.1717100789574
5.038,-63.0944715998953
5.044,-63.0107915081882
5.05,-62.9208345536714
5.056,-62.8247820129358
5.062,-62.722831296628
5.068,-62.6151952195913
5.074,-62.5021009604337
5.08,-62.3837887469054
5.086,-62.2605103109998
5.092,-62.1325271627384
5.098,-62.0001087341797
5.104,-61.8635304454033
5.11,-61.7230717423327
5.116,-61.5790141526088
5.122,-61.4316394006914
5.128,-61.2812276173994
5.134,-61.1280556725729
5.14,-60.9723956528544
5.146,-60.8145135000378
5.152,-60.6546678193152
5.158,-60.4931088612151
5.164,-60.3300776762178
5.17,-60.1658054370332
5.176,-60.0005129203024
5.182,-59.834410137072
5.188,-59.6676960996733
5.194,-59.5005587115865
5.2,-59.3331747663596
5.206,-59.1657100416207
5.212,-58.9983194745431
5.218,-58.8311474057527
5.224,-58.6643278794748
5.23,-58.497984988698
5.236,-58.3322332551612
5.242,-58.1671780350576
5.248,-58.0029159424192
5.254,-57.8395352831868
5.26,-57.6771164939624
5.266,-57.5157325803573
5.272,-57.3554495506984
5.278,-57.1963268416164
5.284,-57.0384177327236
5.29,-56.8817697481945
5.296,-56.726425043581
5.302,-56.5724207766604
5.308,-56.4197894614931
5.314,-56.2685593052014
5.32,-56.1187545272525
5.326,-55.9703956612575
5.332,-55.8234998394812
5.338,-55.6780810604061
5.344,-55.5341504398081
5.35,-55.3917164458902
5.356,-55.2507851190882
5.362,-55.1113602772025
5.368,-54.9734437065442
5.374,-54.8370353397982
5.38,-54.702133421309
5.386,-54.5687346604918
5.392,-54.4368343740613
5.398,-54.3064266177529
5.404,-54.1775043081889
5.41,-54.0500593355203
5.416,-53.9240826674481
5.422,-53.7995644451982
5.428,-53.6764940719981
5.434,-53.5548602945744
5.44,-53.434651278158
5.446,-53.3158546754629
5.452,-53.198457690066
5.458,-53.0824471346012
5.464,-52.9678094841424
5.47,-52.854530925136
5.476,-52.7425974002131
5.482,-52.6319946491912
5.488,-52.5227082465543
5.494,-52.4147236356809
5.5,-52.3080261600665
5.506,-52.4528323911841
5.512,-52.5997104826314
5.518,-52.7487199020016
5.524,-52.8999227899224
5.53,-53.0533841183376
5.536,-53.2091718602922
5.542,-53.3673571721975
5.548,-53.5280145896415
5.554,-53.6912222379157
5.56,-53.8570620585357
5.566,-54.0256200531565
5.572,-54.1969865464166
5.578,-54.3712564693882
5.584,-54.5485296654711
5.59,-54.7289112207376
5.596,-54.9125118209212
5.602,-55.0994481374434
5.608,-55.2898432450824
5.614,-55.4838270741146
5.62,-55.681536899994
5.626,-55.8831178738731
5.632,-56.0887235975131
5.638,-56.2985167463558
5.644,-56.5126697447436
5.65,-56.7313654974351
5.656,-56.9547981816621
5.662,-57.1831741039632
5.668,-57.4167126258533
5.674,-57.6556471619801
5.68,-57.9002262536667
5.686,-58.1507147194949
5.692,-58.4073948826595
5.698,-58.6705678719125
5.704,-58.9405549886526
5.71,-59.2176991265248
5.716,-59.5023662210378
5.722,-59.7949466940841
5.728,-60.0958568403814
5.734,-60.4055400776028
5.74,-60.7244679463557
5.746,-61.0531406959869
5.752,-61.3920872214414
5.758,-61.7418640166482
5.764,-62.1030526691299
5.77,-62.4762552217948
5.776,-62.862086447297
5.782,-63.2611616846227
5.788,-63.6740783308489
5.794,-64.1013883017526
5.8,-64.5435576939203
5.806,-65.0009084038611
5.812,-65.4735344916843
5.818,-65.9611835660205
5.824,-66.4630905065381
5.83,-66.9777478912004
5.836,-67.5025958193556
5.842,-68.0336162454999
5.848,-68.5648289782579
5.854,-69.0877174352686
5.86,-69.5906744323137
5.866,-70.0586603741767
5.872,-70.4733935123685
5.878,-70.814472823499
5.884,-71.0617211485387
5.89,-71.1985810259057
5.896,-71.2156717353948
5.902,-71.1131039746022
5.908,-70.9004511619002
5.914,-70.5943917966543
5.92,-70.2151413912406
5.926,-69.7830733045792
5.932,-69.3164035486532
5.938,-68.8300929773909
5.944,-68.3356732856335
5.95,-67.8415966189521
5.956,-67.3537918893224
5.962,-66.8762381291266
5.968,-66.4114664285988
5.974,-65.9609633551899
5.98,-65.525479135641
5.986,-65.1052556188103
5.992,-64.7001913209324
5.998,-64.3099591270387
6.004,-63.934089263088
6.01,-63.5720272000397
6.016,-63.2231736522149
6.022,-62.886911876223
6.028,-62.5626260095685
6.034,-62.2497131147812
6.04,-61.9475908214507
6.046,-61.655701906053
6.052,-61.3735167567679
6.058,-61.1005343920696
6.064,-60.8362825046731
6.07,-60.5803168627247
6.076,-60.3322203011342
6.082,-60.0916014657475
6.088,-59.8580934232541
6.094,-59.6313522143927
6.1,-59.4110554029604
6.106,-59.1969006554044
6.112,-58.9886043732494
6.118,-58.7859003918282
6.124,-58.5885387526437
6.13,-58.3962845524575
6.136,-58.2089168693263
6.142,-58.0262277638849
6.148,-57.8480213529579
6.154,-57.6741129518299
6.16,-57.5043282811055
6.166,-57.3385027339177
6.172,-57.1764806992379
6.178,-57.0181149371353
6.184,-56.8632660020039
6.19,-56.7118017099807
6.196,-56.5635966470111
6.202,-56.4185317142574
6.208,-56.2764937077854
6.214,-56.1373749297
6.22,-56.0010728281229
6.226,-55.8674896636208
6.232,-55.7365321998873
6.238,-55.6081114166713
6.244,-55.4821422431118
6.25,-55.3585433097985
6.256,-55.2372367180227
6.262,-55.1181478248139
6.268,-55.001205042479
6.274,-54.8863396514728
6.28,-54.7734856255264
6.286,-54.6625794680546
6.292,-54.5535600589449
6.298,-54.4463685109071
6.304,-54.3409480346317
6.31,-54.2372438120684
6.316,-54.1352028771927
6.322,-54.03477400368
6.328,-53.9359075989562
6.334,-53.8385556041347
6.34,-53.7426713993899
6.346,-53.6482097143543
6.352,-53.5551265431564
6.358,-53.4633790637508
6.364,-53.3729255612145
6.37,-53.283725354713
6.376,-53.195738727859
6.382,-53.1089268622118
6.388,-53.0232517736805
6.394,-52.9386762516164
6.4,-52.8551638003933
6.406,-52.7726785832915
6.412,-52.6911853685161
6.418,-52.6106494771908
6.424,-52.5310367331844
6.43,-52.4523134146365
6.436,-52.3744462070601
6.442,-52.2974021579096
6.448,-52.2211486325126
6.454,-52.1456532712734
6.46,-52.0708839480626
6.466,-51.9968087297208
6.472,-51.9233958366078
6.478,-51.8506136041377
6.484,-51.7784304452521
6.49,-51.706814813786
6.496,-51.6357351686912
6.502,-51.565159939091
6.508,-51.4950574901437
6.514,-51.4253960897043
6.52,-51.3561438757781
6.526,-51.2872688247689
6.532,-51.2187387205322
6.538,-51.1505211242523
6.544,-51.0825833451678
6.55,-51.0148924121814
6.556,-50.9474150463949
6.562,-50.8801176346208
6.568,-50.8129662039298
6.574,-50.7459263973012
6.58,-50.6789634504531
6.586,-50.6120421699364
6.592,-50.545126912588
6.598,-50.4781815664439
6.604,-50.4111695332239
6.61,-50.3440537125079
6.616,-50.2767964877312
6.622,-50.2093597141347
6.628,-50.1417047088143
6.634,-50.0737922430194
6.64,-50.0055825368596
6.646,-49.9370352565816
6.652,-49.8681095145856
6.658,-49.798763872355
6.664,-49.7289563464736
6.67,-49.6586444179096
6.676,-49.5877850447436
6.682,-49.5163346785177
6.688,-49.4442492843796
6.694,-49.37148436519
6.7,-49.2979949897553
6.706,-49.2237358253381
6.712,-49.1486611745846
6.718,-49.072725016997
6.724,-48.9958810550583
6.73,-48.9180827650979
6.736,-48.8392834529676
6.742,-48.7594363145655
6.748,-48.678494501223
6.754,-48.5964111899351
6.76,-48.5131396583834
6.766,-48.4286333646633
6.772,-48.342846031589
6.778,-48.2557317354101
6.784,-48.1672449987325
6.79,-48.0773408873913
6.796,-47.9859751109826
6.802,-47.8931041267165
6.808,-47.7986852462096
6.814,-47.7026767447952
6.82,-47.6050379728895
6.826,-47.5057294689131
6.832,-47.4047130732356
6.838,-47.3019520425787
6.844,-47.1974111642919
6.85,-47.0910568698901
6.856,-46.9828573472353
6.862,-46.8727826507325
6.868,-46.7608048089129
6.874,-46.646897928787
6.88,-46.5310382963622
6.886,-46.4132044727469
6.892,-46.2933773852934
6.898,-46.1715404132709
6.904,-46.0476794676076
6.91,-45.9217830642951
6.916,-45.7938423911068
6.922,-45.6638513673501
6.928,-45.5318066964405
6.934,-45.3977079111603
6.94,-45.2615574115422
6.946,-45.1233604953954
6.952,-44.9831253815675
6.958,-44.8408632261173
6.964,-44.6965881316432
6.97,-44.5503171500859
6.976,-44.4020702793887
6.982,-44.2518704544595
6.988,-44.0997435329324
6.994,-43.9457182762707
7,-43.7898263267927
7.006,-43.6321021812268
7.012,-43.4725831614224
7.018,-43.3113093828504
7.024,-43.1483237215255
7.03,-42.9836717799676
7.036,-42.8174018528001
7.042,-42.6495648925466
7.048,-42.4802144761445
7.054,-42.309406772643
7.06,-42.1372005124874
7.066,-41.9636569587227
7.072,-41.788839880369
7.078,-41.6128155281331
7.084,-41.4356526125266
7.09,-41.2574222843601
7.096,-41.0781981174734
7.102,-40.8980560934533
7.108,-40.7170745879688
7.114,-40.5353343582372
7.12,-40.3529185310095
7.126,-40.1699125903389
7.132,-39.9864043642714
7.138,-39.8024840094743
7.144,-39.6182439926933
7.15,-39.4337790678156
7.156,-39.2491862472011
7.162,-39.0645647658419
7.168,-38.8800160368179
7.174,-38.6956435964358
7.18,-38.5115530373784
7.186,-38.3278519281454
7.192,-38.1446497170492
7.198,-37.9620576190372
7.204,-37.7801884836481
7.21,-37.5991566424841
7.216,-37.4190777346912
7.222,-37.2400685090919
7.228,-37.0622466018109
7.234,-36.8857302884781
7.24,-36.710638210383
7.246,-36.5370890742961
7.252,-36.3652013260546
7.258,-36.1950927984468
7.264,-36.0268803343932
7.27,-35.8606793869353
7.276,-35.6966035980657
7.282,-35.5347643589884
7.288,-35.3752703549422
7.294,-35.2182270982655
7.3,-35.0637364538962
7.306,-34.9118961619743
7.312,-34.7627993626365
7.318,-34.6165341284304
7.324,-34.4731830100361
7.33,-34.3328226011284
7.336,-34.1955231282482
7.342,-34.0613480714617
7.348,-33.9303538213628
7.354,-33.8025893776219
7.36,-33.6780960938023
7.366,-33.5569074725635
7.372,-33.4390490146601
7.378,-33.3245381243419
7.384,-33.2133840728868
7.39,-33.1055880210776
7.396,-33.0011431004851
7.402,-32.9000345524778
7.408,-32.802239922965
7.414,-32.7077293100177
7.42,-32.6164656607265
7.426,-32.5284051129666
7.432,-32.4434973771602
7.438,-32.3616861526712
7.444,-32.2829095731381
7.45,-32.2071006748573
7.456,-32.1341878822588
7.462,-32.0640955045752
7.468,-31.9967442379729
7.474,-31.9320516676837
7.48,-31.8699327650313
7.486,-31.8103003746742
7.492,-31.7530656878657
7.498,-31.6981386980479
7.504,-31.6454286356361
7.51,-31.5948443793935
7.516,-31.5462948423367
7.522,-31.4996893306279
7.528,-31.454937874408
7.534,-31.4119515299777
7.54,-31.3706426531512
7.546,-31.3309251439824
7.552,-31.2927146633841
7.558,-31.2559288224431
7.564,-31.220487345466
7.57,-31.1863122079749
7.576,-31.153327751023
7.582,-31.1214607733011
7.588,-31.0906406025811
7.594,-31.0607991480811
7.6,-31.0318709353487
7.606,-31.0037931252482
7.612,-30.9765055186054
7.618,-30.9499505480166
7.624,-30.9240732582681
7.63,-30.8988212767403
7.636,-30.8741447750935
7.642,-30.84999642345
7.648,-30.826331338201
7.654,-30.8031070244774
7.66,-30.7802833142425
7.666,-30.7578223008737
7.672,-30.7356882710211
7.678,-30.7138476344521
7.684,-30.6922688525133
7.69,-30.6709223657727
7.696,-30.6497805213365
7.702,-30.6288175002741
7.708,-30.6080092455274
7.714,-30.5873333906278
7.72,-30.5667691894957
7.726,-30.5462974475563
7.732,-30.52590045436
7.738,-30.5055619178693
7.744,-30.4852669005319
7.75,-30.4650017572411
7.756,-30.4447540752524
7.762,-30.4245126161063
7.768,-30.4042672595887
7.774,-30.3840089497412
7.78,-30.3637296429202
7.786,-30.3434222578924
7.792,-30.3230806279406
7.798,-30.3026994549487
7.804,-30.2822742654236
7.81,-30.2618013684087
7.816,-30.2412778152361
7.822,-30.2207013610632
7.828,-30.2000704281337
7.834,-30.179384070704
7.84,-30.1586419415707
7.846,-30.1378442601386
7.852,-30.1169917819631
7.858,-30.0960857697054
7.864,-30.0751279654371
7.87,-30.0541205642317
7.876,-30.0330661889822
7.882,-30.0119678663848
7.888,-29.9908290040307
7.894,-29.9696533685489
7.9,-29.9484450647446
7.906,-29.9272085156809
7.912,-29.905948443652
7.918,-29.8846698519979
7.924,-29.8633780077139
7.93,-29.8420784248094
7.936,-29.820776848372
7.942,-29.799479239295
7.948,-29.7781917596305
7.954,-29.7569207585277
7.96,-29.7356727587229
7.966,-29.7144544435458
7.972,-29.693272644411
7.978,-29.6721343287634
7.984,-29.6510465884492
7.99,-29.6300166284863
7.996,-29.6090517562073
8.002,-29.5881593707527
8.008,-29.5673469528914
8.014,-29.5466220551484
8.02,-29.5259922922195
8.026,-29.5054653316567
8.032,-29.4850488848055
8.038,-29.4647506979822
8.044,-29.4445785438736
8.05,-29.4245402131496
8.056,-29.4046435062749
8.062,-29.3848962255108
8.068,-29.3653061670973
8.074,-29.3458811136065
8.08,-29.326628826462
8.086,-29.3075570386152
8.092,-29.2886734473756
8.098,-29.2699857073892
8.104,-29.2515014237613
8.11,-29.2332281453212
8.116,-29.2151733580265
8.122,-29.1973444785054
8.128,-29.1797488477356
8.134,-29.1623937248611
8.14,-29.1452862811454
8.146,-29.1284335940635
8.152,-29.111842641533
8.158,-29.0955202962868
8.164,-29.0794733203898
8.17,-29.0637083599013
8.176,-29.0482319396871
8.182,-29.0330504583837
8.188,-29.0181701835193
8.194,-29.0035972467934
8.2,-28.9893376395209
8.206,-28.9753972082437
8.212,-28.9617816505133
8.218,-28.9484965108503
8.224,-28.9355471768832
8.23,-28.9229388756714
8.236,-28.9106766702169
8.242,-28.898765456168
8.248,-28.8872099587188
8.254,-28.8760147297088
8.26,-28.8651841449259
8.266,-28.8547224016156
8.272,-28.8446335161999
8.278,-28.8349213222089
8.284,-28.8255894684264
8.29,-28.8166414172532
8.296,-28.8080804432883
8.302,-28.7999096321309
8.308,-28.7921318794024
8.314,-28.7847498899914
8.32,-28.777766177519
8.326,-28.7711830640272
8.332,-28.7650026798871
8.338,-28.7592269639276
8.344,-28.753857663782
8.35,-28.7488963364515
8.356,-28.7443443490819
8.362,-28.740202879952
8.368,-28.7364729196693
8.374,-28.7331552725699
8.38,-28.7302505583186
8.386,-28.7277592137037
8.392,-28.7256814946229
8.398,-28.724017478254
8.404,-28.7227670654054
8.41,-28.7219299830394
8.416,-28.7215057869634
8.422,-28.7214938646813
8.428,-28.7218934383985
8.434,-28.7227035681735
8.44,-28.7239231552081
8.446,-28.7255509452703
8.452,-28.7275855322392
8.458,-28.7300253617672
8.464,-28.7328687350489
8.47,-28.7361138126902
8.476,-28.7397586186684
8.482,-28.7438010443754
8.488,-28.7482388527354
8.494,-28.7530696823893
8.5,-28.758291051937
8.506,-28.7639003642294
8.512,-28.769894910702
8.518,-28.7762718757425
8.524,-28.7830283410831
8.53,-28.7901612902114
8.536,-28.7976676127903
8.542,-28.8055441090813
8.548,-28.8137874943623
8.554,-28.8223944033332
8.56,-28.8313613945034
8.566,-28.8406849545527
8.572,-28.8503615026603
8.578,-28.860387394796
8.584,-28.8707589279665
8.59,-28.8814723444116
8.596,-28.892523835746
8.602,-28.9039095470396
8.608,-28.9156255808332
8.614,-28.9276680010833
8.62,-28.9400328370345
8.626,-28.9527160870118
8.632,-28.9657137221328
8.638,-28.9790216899334
8.644,-28.9926359179064
8.65,-29.0065523169478
8.656,-29.0207667847105
8.662,-29.0352752088615
8.668,-29.050073470241
8.674,-29.0651574459225
8.68,-29.0805230121708
8.686,-29.0961660472987
8.692,-29.1120824344194
8.698,-29.1282680640949
8.704,-29.1447188368802
8.71,-29.161430665762
8.716,-29.178399478492
8.722,-29.1956212198159
8.728,-29.2130918535972
8.734,-29.2308073648362
8.74,-29.2487637615859
8.746,-29.2669570767645
8.752,-29.2853833698662
8.758,-29.3040387285706
8.764,-29.3229192702525
8.77,-29.3420211433932
8.776,-29.3613405288946
8.782,-29.3808736412979
8.788,-29.4006167299085
8.794,-29.4205660798283
8.8,-29.440718012898
8.806,-29.4610688885507
8.812,-29.481615104579
8.818,-29.5023530978171
8.824,-29.5232793447412
8.83,-29.5443903619882
8.836,-29.5656827067971
8.842,-29.5871529773737
8.848,-29.6087978131809
8.854,-29.6306138951582
8.86,-29.6525979458702
8.866,-29.6747467295887
8.872,-29.6970570523094
8.878,-29.719525761705
8.884,-29.7421497470185
8.89,-29.764925938897
8.896,-29.7878513091703
8.902,-29.8109228705739
8.908,-29.8341376764219
8.914,-29.8574928202281
8.92,-29.8809854352812
8.926,-29.9046126941736
8.932,-29.9283718082867
8.938,-29.9522600272356
8.944,-29.9762746382738
8.95,-30.0004129656609
8.956,-30.0246723699952
8.962,-30.0490502475129
8.968,-30.0735440293557
8.974,-30.0981511808096
8.98,-30.122869200515
8.986,-30.1476956196528
8.992,-30.1726280011046
8.998,-30.1976639385922
9.004,-30.2228010557964
9.01,-30.2480370054567
9.016,-30.2733694684546
9.022,-30.2987961528812
9.028,-30.3243147930914
9.034,-30.3499231487459
9.04,-30.3756190038427
9.046,-30.4014001657398
9.052,-30.4272644641702
9.058,-30.4532097502515
9.064,-30.4792338954902
9.07,-30.5053347907836
9.076,-30.5315103454203
9.082,-30.5577584860794
9.088,-30.5840771558321
9.094,-30.6104643131449
9.1,-30.6369179308868
9.106,-30.663435995342
9.112,-30.6900165052284
9.118,-30.7166574707236
9.124,-30.7433569125007
9.13,-30.7701128607728
9.136,-30.7969233543498
9.142,-30.8237864397072
9.148,-30.8507001700679
9.154,-30.8776626044996
9.16,-30.9046718070273
9.166,-30.931725845763
9.172,-30.9588227920526
9.178,-30.9859607196428
9.184,-31.013137703867
9.19,-31.0403518208527
9.196,-31.0676011467505
9.202,-31.0948837569861
9.208,-31.1221977255364
9.214,-31.1495411242296
9.22,-31.1769120220718
9.226,-31.2043084845992
9.232,-31.2317285732581
9.238,-31.2591703448132
9.244,-31.2866318507839
9.25,-31.3141111369117
9.256,-31.3416062426563
9.262,-31.3691152007241
9.268,-31.3966360366281
9.274,-31.4241667682796
9.28,-31.4517054056139
9.286,-31.4792499502487
9.292,-31.5067983951773
9.298,-31.5343487244958
9.304,-31.561898913166
9.31,-31.5894469268135
9.316,-31.6169907215618
9.322,-31.6445282439023
9.328,-31.6720574306019
9.334,-31.6995762086463
9.34,-31.7270824952211
9.346,-31.7545741977299
9.352,-31.78204921385
9.358,-31.8095054316253
9.364,-31.8369407295971
9.37,-31.864352976972
9.376,-31.8917400338277
9.382,-31.919099751356
9.388,-31.946429972143
9.394,-31.9737285304861
9.4,-32.0009932527483
9.406,-32.0282219577483
9.412,-32.0554124571871
9.418,-32.0825625561097
9.424,-32.109670053403
9.43,-32.136732742327
9.436,-32.1637484110809
9.442,-32.1907148434024
9.448,-32.2176298191997
9.454,-32.2444911152152
9.46,-32.2712965057207
9.466,-32.2980437632427
9.472,-32.324730659317
9.478,-32.351354965272
9.484,-32.3779144530386
9.49,-32.4044068959879
9.496,-32.4308300697923
9.502,-32.4571817533122
9.508,-32.4834597295043
9.514,-32.5096617863528
9.52,-32.5357857178194
9.526,-32.5618293248134
9.532,-32.5877904161789
9.538,-32.6136668096983
9.544,-32.6394563331105
9.55,-32.6651568251418
9.556,-32.6907661365498
9.562,-32.716282131176
9.568,-32.7417026870081
9.574,-32.7670256972489
9.58,-32.7922490713906
9.586,-32.817370736293
9.592,-32.8423886372642
9.598,-32.867300739141
9.604,-32.8921050273693
9.61,-32.9167995090811
9.616,-32.9413822141668
9.622,-32.9658511963424
9.628,-32.9902045342083
9.634,-33.0144403322985
9.64,-33.0385567221202
9.646,-33.0625518631792
9.652,-33.0864239439924
9.658,-33.1101711830839
9.664,-33.1337918299648
9.67,-33.1572841660927
9.676,-33.1806465058132
9.682,-33.2038771972776
9.688,-33.2269746233394
9.694,-33.2499372024254
9.7,-33.2727633893815
9.706,-33.2954516762914
9.712,-33.3180005932679
9.718,-33.3404087092138
9.724,-33.3626746325534
9.73,-33.3847970119322
9.736,-33.4067745368843
9.742,-33.4286059384664
9.748,-33.4502899898578
9.754,-33.4718255069252
9.76,-33.4932113487523
9.766,-33.5144464181322
9.772,-33.5355296620239
9.778,-33.5564600719707
9.784,-33.5772366844806
9.79,-33.5978585813685
9.796,-33.6183248900604
9.802,-33.6386347838575
9.808,-33.6587874821627
9.814,-33.6787822506662
9.82,-33.6986184014937
9.826,-33.7182952933145
9.832,-33.73781233141
9.838,-33.7571689677048
9.844,-33.7763647007577
9.85,-33.7953990757149
9.856,-33.8142716842255
9.862,-33.8329821643188
9.868,-33.8515302002446
9.874,-33.8699155222775
9.88,-33.8881379064841
9.886,-33.9061971744559
9.892,-33.924093193007
9.898,-33.941825873838
9.904,-33.9593951731666
9.91,-33.9768010913261
9.916,-33.9940436723327
9.922,-34.0111230034217
9.928,-34.0280392145544
9.934,-34.0447924778968
9.94,-34.0613830072702
9.946,-34.0778110575757
9.952,-34.0940769241927
9.958,-34.1101809423538
9.964,-34.1261234864957
9.97,-34.1419049695888
9.976,-34.1575258424447
9.982,-34.172986593005
9.988,-34.1882877456107
9.994,-34.2034298602545
10,-34.2184135318164
