"Freq [GHz]","dB(St(7,7)) []"
1,5.48959139864021
1.006,-3.13828934907796
1.012,-2.69591006212194
1.018,-1.3119063683867
1.024,-1.25608116685799
1.03,-2.41471892333747
1.036,-3.15883844414506
1.042,-3.56229735536377
1.048,-3.81801201498729
1.054,-3.99885375803338
1.06,-4.13871971117551
1.066,-4.2536443230633
1.072,-4.35091385260099
1.078,-4.43685601223248
1.084,-4.5127428804502
1.09,-4.58055309767624
1.096,-4.64142798778684
1.102,-4.69615703073281
1.108,-4.74541499804339
1.114,-4.78951607882568
1.12,-4.82893458509053
1.126,-4.86397476332038
1.132,-4.89490615496948
1.138,-4.9217723602072
1.144,-4.94087434187356
1.15,-4.96439368158549
1.156,-4.97993806174878
1.162,-4.99140828369044
1.168,-4.99892242544084
1.174,-5.00215090027312
1.18,-5.00058315623417
1.186,-4.99356076043915
1.192,-4.98025859729955
1.198,-4.95962683311107
1.204,-4.93016738807643
1.21,-4.88261720309984
1.216,-4.84430299065828
1.222,-4.77897368346856
1.228,-4.69783975811056
1.234,-4.59721173529115
1.24,-4.47338161010442
1.246,-4.32233863987073
1.252,-4.14003858942463
1.258,-3.92306537200027
1.264,-3.6698264386999
1.27,-3.38220087875422
1.276,-3.06452459444144
1.282,-6.33133097628172
1.288,-6.16351816766527
1.294,-6.14147901561359
1.3,-6.1181049036263
1.306,-6.09475894920427
1.312,-6.06926012964891
1.318,-6.04171827637188
1.324,-6.01137620135856
1.33,-5.97784036102878
1.336,-5.94039156661816
1.342,-5.8982770901163
1.348,-5.85067410529331
1.354,-5.79657330562575
1.36,-5.73511145067348
1.366,-5.66504152120902
1.372,-5.58510985053716
1.378,-5.49389898679903
1.384,-5.38983028224718
1.39,-5.27115816809842
1.396,-5.13598039343422
1.402,-4.98229815426732
1.408,-4.80826886807438
1.414,-4.61364499441603
1.42,-4.42811881846863
1.426,-4.13702570698583
1.432,-3.85628438683715
1.438,-3.54353068927077
1.444,-3.19711997248356
1.45,-2.81610558400773
1.456,-2.40048814303557
1.462,-1.9514561179997
1.468,-1.47200944880493
1.474,-0.967172316909385
1.48,-0.444581957071532
1.486,0.0850684200825169
1.492,0.607061379374747
1.498,1.10709146032246
1.504,1.56349325837331
1.51,1.96016675049778
1.516,2.27423291927624
1.522,2.50065365273812
1.528,2.61058987682643
1.534,2.66649338239906
1.54,2.62237277159289
1.546,2.57782018091943
1.552,2.3841449596688
1.558,2.19332051925124
1.564,2.07867445667091
1.57,2.1992817904385
1.576,2.25228140070016
1.582,2.24608800997476
1.588,2.19116895096749
1.594,2.09854719348908
1.6,1.97865513096132
1.606,1.84063896987821
1.612,1.69206339106325
1.618,1.53889931907356
1.624,1.38567488857938
1.63,1.23569749008452
1.636,1.09128821969734
1.642,0.953997321341445
1.648,0.824787476694055
1.654,0.70418238339365
1.66,0.592383345090268
1.666,0.489358680524695
1.672,0.394911116573941
1.678,0.308727856495838
1.684,0.230417143136815
1.69,0.159533669860641
1.696,0.0955885627236864
1.702,0.0377484879583164
1.708,-0.0131440659599587
1.714,-0.0592081003582413
1.72,-0.100255798586374
1.726,-0.1368089499097
1.732,-0.169351433796052
1.738,-0.198351546202071
1.744,-0.224263615817532
1.75,-0.247527695493233
1.756,-0.268568952362071
1.762,-0.287796993971966
1.768,-0.305605158725781
1.774,-0.322369764857561
1.78,-0.338449312408207
1.786,-0.354183638967749
1.792,-0.369893034646142
1.798,-0.385877320572348
1.804,-0.40241488106689
1.81,-0.419761592583474
1.816,-0.438149445557793
1.822,-0.457784137931277
1.828,-0.478838626813693
1.834,-0.501424643584326
1.84,-0.525293451869411
1.846,-0.554321131162698
1.852,-0.581424946364524
1.858,-0.611583978630586
1.864,-0.64393750379472
1.87,-0.678434432409928
1.876,-0.715061629338456
1.882,-0.753799760205244
1.888,-0.794616288454176
1.894,-0.837464675383592
1.9,-0.882285225792657
1.906,-0.929006524053751
1.912,-0.977547145098491
1.918,-1.02781754153106
1.924,-1.07972210601372
1.93,-1.13316149618241
1.936,-1.18803545159512
1.942,-1.2442466332322
1.948,-1.30170674919286
1.954,-1.36034825346593
1.96,-1.42015139156393
1.966,-1.48122186290591
1.972,-1.54409074123321
1.978,-1.61169244057304
1.984,-1.86193742493201
1.99,-1.70749047681442
1.996,-1.77777443614926
2.002,-1.84295945463167
2.008,-1.90702168720493
2.014,-1.9706489636659
2.02,-2.03401765441624
2.026,-2.09716559427647
2.032,-2.16008282423334
2.038,-2.22274129418605
2.044,-2.28510652789532
2.05,-2.34714278441035
2.056,-2.4088155199857
2.062,-2.4700926041774
2.068,-2.53094491152509
2.074,-2.59134657928288
2.08,-2.65127507738096
2.086,-2.71071116895587
2.092,-2.76963880577452
2.098,-2.82804498484967
2.104,-2.88591958250165
2.11,-2.94325517627022
2.116,-3.00004686152555
2.122,-3.0562920673847
2.128,-3.1120750163325
2.134,-3.16718914186087
2.14,-3.2215059408715
2.146,-3.27505241059566
2.152,-3.32785236026147
2.158,-3.37992682535862
2.164,-3.43129442401994
2.17,-3.48197166460639
2.176,-3.5319732120193
2.182,-3.58131211899425
2.188,-3.63000002759624
2.194,-3.67804734528964
2.2,-3.72546339926183
2.206,-3.77225657211015
2.212,-3.81843442153181
2.218,-3.86400378627195
2.224,-3.90897088026845
2.23,-3.95334137667594
2.236,-3.99712048324545
2.242,-4.04031301037607
2.248,-4.08292343303789
2.254,-4.1249559476899
2.26,-4.16641452528678
2.266,-4.20730296148965
2.272,-4.24762492528177
2.278,-4.28738400736077
2.284,-4.3265837699687
2.29,-4.36522780028406
2.296,-4.4033197702266
2.302,-4.44086350666058
2.308,-4.47786307777617
2.314,-4.51432290430597
2.32,-4.55024790895613
2.326,-4.58564372538786
2.332,-4.62051700191926
2.338,-4.65487586006362
2.344,-4.68873061494424
2.35,-4.72209495735278
2.356,-4.75498799144236
2.362,-4.78743795826403
2.368,-4.81948954235501
2.374,-4.85121956369395
2.38,-4.88277495104958
2.386,-4.91448136061489
2.392,-4.94724460620414
2.398,-4.98491458183328
2.404,-5.09697231845034
2.41,-4.9914218938867
2.416,-5.03586127399402
2.422,-5.06757941959189
2.428,-5.09626204775317
2.434,-5.12350587685723
2.44,-5.14980586436691
2.446,-5.17536727365435
2.452,-5.20029183456068
2.458,-5.22463672986679
2.464,-5.24843740066782
2.47,-5.27171765936783
2.476,-5.29449465115123
2.482,-5.31678148517582
2.488,-5.3385887190652
2.494,-5.35992523970766
2.5,-5.38079880810573
2.506,-5.40121640838434
2.512,-5.42118447803259
2.518,-5.44070906362692
2.524,-5.45979592839236
2.53,-5.47845062781521
2.536,-5.49667856356888
2.542,-5.51448502241369
2.548,-5.53187520449344
2.554,-5.54885424402605
2.56,-5.5654272244576
2.566,-5.58159918953296
2.572,-5.5973751513193
2.578,-5.61276009593234
2.584,-5.62775898751517
2.59,-5.64237677087761
2.596,-5.65661837310268
2.602,-5.67048870435275
2.608,-5.68399265805369
2.614,-5.6971351105952
2.62,-5.70992092065499
2.626,-5.72235492823189
2.632,-5.7344419534552
2.638,-5.74618679522426
2.644,-5.75759422972155
2.65,-5.76866900883458
2.656,-5.77941585851508
2.662,-5.78983947709909
2.668,-5.79994453360713
2.674,-5.80973566604042
2.68,-5.81921747968641
2.686,-5.82839454544452
2.692,-5.83727139818125
2.698,-5.84585253512224
2.704,-5.85414241428771
2.71,-5.86214545297643
2.716,-5.86986602630265
2.722,-5.87730846578973
2.728,-5.88447705802323
2.734,-5.89137604336614
2.74,-5.8980096147381
2.746,-5.9043819164603
2.752,-5.91049704316724
2.758,-5.91635903878634
2.764,-5.92197189558627
2.77,-5.92733955329435
2.776,-5.93246589828351
2.782,-5.93735476282904
2.788,-5.94200992443523
2.794,-5.94643510523188
2.8,-5.95063397144076
2.806,-5.95461013291184
2.812,-5.95836714272925
2.818,-5.96190849688681
2.824,-5.96523763403303
2.83,-5.96835793528547
2.836,-5.97127272411446
2.842,-5.97398526629608
2.848,-5.97649876993453
2.854,-5.97881638555394
2.86,-5.98094120625993
2.866,-5.98287626797109
2.872,-5.984624549721
2.878,-5.98618897403106
2.884,-5.98757240735515
2.89,-5.98877766059662
2.896,-5.98980748969878
2.902,-5.99066459631013
2.908,-5.99135162852539
2.914,-5.99187118170417
2.92,-5.99222579936886
2.926,-5.99241797418379
2.932,-5.99245014901786
2.938,-5.99232471809311
2.944,-5.99204402822198
2.95,-5.99161038013621
2.956,-5.99102602991092
2.962,-5.99029319048712
2.968,-5.98941403329707
2.974,-5.98839068999644
2.98,-5.98722525430817
2.986,-5.98591978398297
2.992,-5.98447630288211
2.998,-5.98289680318816
3.004,-5.98118324775027
3.01,-5.97933757257064
3.016,-5.97736168943963
3.022,-5.97525748872719
3.028,-5.97302684233908
3.034,-5.97067160684674
3.04,-5.96819362680031
3.046,-5.96559473823499
3.052,-5.96287677238129
3.058,-5.96004155959077
3.064,-5.95709093348919
3.07,-5.95402673536985
3.076,-5.95085081884066
3.082,-5.94756505473905
3.088,-5.94417133632981
3.094,-5.94067158480149
3.1,-5.93706775507793
3.106,-5.93336184196223
3.112,-5.92955588663128
3.118,-5.92565198349966
3.124,-5.92165228747274
3.13,-5.91755902160929
3.136,-5.91337448521482
3.142,-5.90910106238769
3.148,-5.90474123104033
3.154,-5.90029757241892
3.16,-5.8957727811452
3.166,-5.89116967580441
3.172,-5.88649121010397
3.178,-5.88174048462748
3.184,-5.87692075920855
3.19,-5.87203546594911
3.196,-5.8670882229061
3.202,-5.86208284846995
3.208,-5.85702337645723
3.214,-5.85191407193847
3.22,-5.84675944782045
3.226,-5.84156428220002
3.232,-5.83633363650364
3.238,-5.83107287442377
3.244,-5.82578768165881
3.25,-5.82048408645889
3.256,-5.81377821341118
3.262,-5.8068272205168
3.268,-5.79962590937904
3.274,-5.79217193284016
3.28,-5.78446840175949
3.286,-5.77652809720475
3.292,-5.76838022694936
3.298,-5.76008118042018
3.304,-5.75173146125022
3.31,-5.74350185128896
3.316,-5.73567248557906
3.322,-5.72868755299245
3.328,-5.72322224970793
3.334,-5.72023999639174
3.34,-5.72097661758227
3.346,-5.72672726129823
3.352,-5.73829714543434
3.358,-5.7551791607505
3.364,-5.77501529353442
3.37,-5.79414035758492
3.376,-5.80916064323144
3.382,-5.81831511145096
3.388,-5.82163059779495
3.394,-5.82019288394179
3.4,-5.81536005569756
3.406,-5.80831933715535
3.412,-5.79995270255923
3.418,-5.79085832893022
3.424,-5.7814192686249
3.43,-5.77187061414347
3.436,-5.76235096295123
3.442,-5.75293796791848
3.448,-5.74367164238305
3.454,-5.73456921024066
3.46,-5.72563441496913
3.466,-5.71686329316055
3.472,-5.70824772319263
3.478,-5.69977758367855
3.484,-5.69144204657627
3.49,-5.68323033326235
3.496,-5.67513213859647
3.502,-5.66713785104008
3.508,-5.65923864886893
3.514,-5.65142652250074
3.52,-5.6436942541469
3.526,-5.63603537417396
3.532,-5.62844410611444
3.538,-5.62091530757169
3.544,-5.61344441130587
3.55,-5.60602736893069
3.556,-5.59866059849285
3.562,-5.59134093649193
3.568,-5.58406559446861
3.574,-5.57683212003725
3.58,-5.56963836210091
3.586,-5.56248243991936
3.592,-5.55536271567625
3.598,-5.5482777701934
3.604,-5.54122638145648
3.61,-5.53420750564056
3.616,-5.52722026035151
3.622,-5.52026390982744
3.628,-5.51333785187187
3.634,-5.50644160631585
3.64,-5.49957480482985
3.646,-5.49273718192763
3.652,-5.48592856702311
3.658,-5.47914887741834
3.664,-5.47239811211538
3.67,-5.46567634635819
3.676,-5.45898372682191
3.682,-5.45232046737712
3.688,-5.44568684536536
3.694,-5.43908319832994
3.7,-5.43250992115263
3.706,-5.42596746355298
3.712,-5.4194563279116
3.718,-5.41297706738389
3.724,-5.40653028427388
3.73,-5.40011662864194
3.736,-5.39373679712257
3.742,-5.38739153193138
3.748,-5.3810816200426
3.754,-5.3748078925205
3.76,-5.3685712239897
3.766,-5.36237253223123
3.772,-5.35621277789216
3.778,-5.35009296429808
3.784,-5.34401413735873
3.79,-5.33797738555787
3.796,-5.33198384001941
3.802,-5.32603467464249
3.808,-5.32013110629877
3.814,-5.31427439508579
3.82,-5.30846584463073
3.826,-5.30270680243927
3.832,-5.29699866028456
3.838,-5.29134285463184
3.844,-5.28574086709414
3.85,-5.28019422491502
3.856,-5.27470450147446
3.862,-5.2692733168139
3.868,-5.26390233817691
3.874,-5.2585932805618
3.88,-5.25334790728274
3.886,-5.24816803053577
3.892,-5.24305551196636
3.898,-5.23801226323515
3.904,-5.23304024657815
3.91,-5.22814147535828
3.916,-5.22331801460446
3.922,-5.21857198153483
3.928,-5.21390554606038
3.934,-5.20932093126534
3.94,-5.20482041386054
3.946,-5.20040632460565
3.952,-5.19608104869663
3.958,-5.19184702611386
3.964,-5.18770675192691
3.97,-5.1836627765516
3.976,-5.17971770595452
3.982,-5.17587420180061
3.988,-5.17213498153876
3.994,-5.16850281842045
4,-5.16498054144625
4.006,-5.16157103523479
4.012,-5.15827723980874
4.018,-5.15510215029191
4.024,-5.15204881651179
4.03,-5.14912034250132
4.036,-5.14631988589357
4.042,-5.14365065720315
4.048,-5.14111591898739
4.054,-5.13871898488078
4.06,-5.13646321849557
4.066,-5.13435203218139
4.072,-5.13238888563669
4.078,-5.13057728436442
4.084,-5.12892077796453
4.09,-5.12742295825534
4.096,-5.12608745721615
4.102,-5.12491794474291
4.108,-5.12391812620909
4.114,-5.12309173982339
4.12,-5.12244255377617
4.126,-5.12197436316633
4.132,-5.12169098670026
4.138,-5.12159626315455
4.144,-5.12169404759412
4.15,-5.12198820733747
4.156,-5.1224826176608
4.162,-5.12318115723275
4.168,-5.12408770327176
4.174,-5.1252061264179
4.18,-5.12654028531153
4.186,-5.12809402087092
4.192,-5.12987115026151
4.198,-5.1318754605493
4.204,-5.13411070203157
4.21,-5.13658058123791
4.216,-5.13928875359516
4.222,-5.14223881574994
4.228,-5.1454342975428
4.234,-5.14887865362849
4.24,-5.1525752547368
4.246,-5.15652737856913
4.252,-5.16073820032609
4.258,-5.16521078286165
4.264,-5.16994806645986
4.27,-5.17495285823037
4.276,-5.18022782111906
4.282,-5.18577546253075
4.288,-5.19159812256062
4.294,-5.19769796183166
4.3,-5.20407694893519
4.306,-5.2107368474718
4.312,-5.21767920269003
4.318,-5.22490532772009
4.324,-5.23241628939991
4.33,-5.24021289369074
4.336,-5.2482956706793
4.342,-5.25666485916376
4.348,-5.26532039082037
4.354,-5.27426187394795
4.36,-5.28348857678756
4.366,-5.292999410415
4.372,-5.30279291120488
4.378,-5.31286722286596
4.384,-5.32322007804943
4.39,-5.33384877953473
4.396,-5.34475018100113
4.402,-5.35592066739886
4.408,-5.36735613494086
4.414,-5.37905197074565
4.42,-5.39100303217506
4.426,-5.40320362592701
4.432,-5.41564748696519
4.438,-5.42832775739558
4.444,-5.44123696543508
4.45,-5.45436700466268
4.456,-5.46770911380043
4.462,-5.48125385734321
4.468,-5.49499110744508
4.474,-5.50891002758156
4.48,-5.52299905864436
4.486,-5.53724590829485
4.492,-5.55163754461063
4.498,-5.56616019531373
4.504,-5.58079935417768
4.51,-5.59553979658346
4.516,-5.61036560664178
4.522,-5.62526021883088
4.528,-5.64020647772687
4.534,-5.65518672013523
4.54,-5.670182884773
4.546,-5.68517665560204
4.552,-5.70014964596245
4.558,-5.71508363177784
4.564,-5.72996084325078
4.57,-5.74476432555762
4.576,-5.75947837995941
4.582,-5.77408909728537
4.588,-5.78858499565135
4.594,-5.80295777319044
4.6,-5.81720318402624
4.606,-5.83132204112644
4.612,-5.84532134234486
4.618,-5.85921550514491
4.624,-5.87302768047613
4.63,-5.88679109652505
4.636,-5.90055035850057
4.642,-5.91436260195191
4.648,-5.92829836627319
4.654,-5.94244202558962
4.66,-5.95689159166738
4.666,-5.97175769531272
4.672,-5.98716156772673
4.678,-6.00323189014113
4.684,-6.02010046491966
4.69,-6.03789678463497
4.696,-6.05674172907179
4.702,-6.07674078459905
4.708,-6.09797732693488
4.714,-6.12050660274916
4.72,-6.14435105653614
4.726,-6.1694975584719
4.732,-6.19589689959766
4.738,-6.22346565987229
4.744,-6.25209026898347
4.75,-6.28163282347629
4.756,-6.31193804381475
4.762,-6.34284067904328
4.768,-6.37417269727954
4.774,-6.40576971720864
4.78,-6.43747630483882
4.786,-6.46914994352888
4.792,-6.50066365215796
4.798,-6.53190735592702
4.804,-6.56278819848921
4.81,-6.59323002471976
4.816,-6.62317226857995
4.822,-6.65256846094473
4.828,-6.68138453848213
4.834,-6.70959709536168
4.84,-6.73719168089243
4.846,-6.76416121188796
4.852,-6.79050454039681
4.858,-6.81622519579711
4.864,-6.84133030465217
4.87,-6.8658296812412
4.876,-6.88973507525993
4.882,-6.91305955980924
4.888,-6.93581704157329
4.894,-6.95802187531237
4.9,-6.97968856591295
4.906,-7.00083154284365
4.912,-7.02146499368445
4.918,-7.04160274524047
4.924,-7.061258182508
4.93,-7.08044419736474
4.936,-7.09917316027861
4.942,-7.11745690956278
4.948,-7.13530675375603
4.954,-7.15273348359024
4.96,-7.16974739074081
4.966,-7.18635829115872
4.972,-7.20257555127435
4.978,-7.21840811576127
4.984,-7.23386453586687
4.99,-7.24895299757146
4.996,-7.2636813490386
5.002,-7.27805712697768
5.008,-7.29208758166313
5.014,-7.30577970044965
5.02,-7.31914022969594
5.026,-7.33217569506397
5.032,-7.34489242020213
5.038,-7.35729654384988
5.044,-7.36939403542284
5.05,-7.38119070915157
5.056,-7.3926922368561
5.062,-7.40390415944378
5.068,-7.41483189721991
5.074,-7.42548075910049
5.08,-7.43585595081485
5.086,-7.44596258218283
5.092,-7.4558056735477
5.098,-7.46539016144145
5.104,-7.47472090355496
5.11,-7.48380268308051
5.116,-7.49264021248967
5.122,-7.50123813680484
5.128,-7.50960103641813
5.134,-7.51773342950732
5.14,-7.52563977409392
5.146,-7.53332446978513
5.152,-7.54079185923725
5.158,-7.54804622937505
5.164,-7.55509181239836
5.17,-7.56193278660385
5.176,-7.56857327704783
5.182,-7.57501735607276
5.188,-7.58126904371825
5.194,-7.58733230803499
5.2,-7.59321106531814
5.206,-7.59890918027499
5.212,-7.60443046613982
5.218,-7.60977868474783
5.224,-7.61495754657806
5.23,-7.61997071077463
5.236,-7.62482178515396
5.242,-7.62951432620488
5.248,-7.63405183908771
5.254,-7.63843777763723
5.26,-7.64267554437406
5.266,-7.64676849052807
5.272,-7.65071991607698
5.278,-7.65453306980257
5.284,-7.65821114936671
5.29,-7.66175730140878
5.296,-7.66517462166569
5.302,-7.66846615511549
5.308,-7.67163489614509
5.314,-7.67468378874251
5.32,-7.67761572671374
5.326,-7.68043355392405
5.332,-7.68314006456366
5.338,-7.68573800343713
5.344,-7.68823006627609
5.35,-7.69061890007455
5.356,-7.69290710344612
5.362,-7.69509722700223
5.368,-7.69719177375055
5.374,-7.69919319951257
5.38,-7.70110391335946
5.386,-7.70292627806516
5.392,-7.70466261057566
5.398,-7.70631518249354
5.404,-7.70788622057652
5.41,-7.7093779072493
5.416,-7.71079238112729
5.422,-7.71213173755166
5.428,-7.71339802913421
5.434,-7.71459326631155
5.44,-7.71571941790734
5.446,-7.71677841170172
5.452,-7.71777213500721
5.458,-7.71870243524985
5.464,-7.71957112055514
5.47,-7.72037996033769
5.476,-7.72113068589388
5.482,-7.72182499099682
5.488,-7.7224645324929
5.494,-7.72305093089915
5.5,-7.7235857710009
5.506,-7.71910460409295
5.512,-7.71464752129981
5.518,-7.71021478130888
5.524,-7.7058066415802
5.53,-7.70142335832157
5.536,-7.69706518646409
5.542,-7.69273237963798
5.548,-7.68842519014864
5.554,-7.68414386895316
5.56,-7.67988866563698
5.566,-7.675659828391
5.572,-7.67145760398896
5.578,-7.6672822377651
5.584,-7.66313397359224
5.59,-7.65901305386008
5.596,-7.65491971945388
5.602,-7.65085420973347
5.608,-7.64681676251254
5.614,-7.64280761403833
5.62,-7.63882699897157
5.626,-7.63487515036682
5.632,-7.63095229965306
5.638,-7.62705867661471
5.644,-7.62319450937287
5.65,-7.61936002436697
5.656,-7.6155554463367
5.662,-7.61178099830431
5.668,-7.6080369015572
5.674,-7.60432337563083
5.68,-7.60064063829203
5.686,-7.59698890552253
5.692,-7.5933683915029
5.698,-7.58977930859674
5.704,-7.58622186733525
5.71,-7.58269627640211
5.716,-7.57920274261863
5.722,-7.57574147092926
5.728,-7.57231266438743
5.734,-7.56891652414162
5.74,-7.56555324942185
5.746,-7.56222303752636
5.752,-7.5589260838087
5.758,-7.55566258166503
5.764,-7.55243272252182
5.77,-7.54923669582371
5.776,-7.54607468902183
5.782,-7.54294688756222
5.788,-7.53985347487473
5.794,-7.536794632362
5.8,-7.53377053938896
5.806,-7.53078137327233
5.812,-7.52782730927063
5.818,-7.52490852057435
5.824,-7.52202517829633
5.83,-7.51917745146253
5.836,-7.51636550700299
5.842,-7.51358950974299
5.848,-7.51084962239451
5.854,-7.50814600554801
5.86,-7.50547881766427
5.866,-7.50284821506662
5.872,-7.50025435193332
5.878,-7.49769738029015
5.884,-7.49517745000333
5.89,-7.49269470877247
5.896,-7.49024930212392
5.902,-7.48784137340417
5.908,-7.48547106377358
5.914,-7.48313851220014
5.92,-7.48084385545359
5.926,-7.47858722809959
5.932,-7.47636876249416
5.938,-7.47418858877821
5.944,-7.47204683487227
5.95,-7.46994362647139
5.956,-7.46787908704017
5.962,-7.46585333780793
5.968,-7.46386649776408
5.974,-7.46191868365349
5.98,-7.46001000997215
5.986,-7.45814058896285
5.992,-7.45631053061095
5.998,-7.45451994264036
6.004,-7.45276893050956
6.01,-7.45105759740764
6.016,-7.44938604425061
6.022,-7.44775436967761
6.028,-7.44616267004727
6.034,-7.44461103943417
6.04,-7.44309956962531
6.046,-7.44162835011658
6.052,-7.44019746810943
6.058,-7.43880700850743
6.064,-7.43745705391292
6.07,-7.43614768462369
6.076,-7.43487897862962
6.082,-7.43365101160944
6.088,-7.43246385692732
6.094,-7.43131758562963
6.1,-7.4302122664416
6.106,-7.42914796576384
6.112,-7.42812474766914
6.118,-7.42714267389886
6.124,-7.4262018038595
6.13,-7.42530219461923
6.136,-7.42444390090417
6.142,-7.42362697509478
6.148,-7.42285146722205
6.154,-7.42211742496373
6.16,-7.42142489364027
6.166,-7.4207739162108
6.172,-7.42016453326898
6.178,-7.41959678303863
6.184,-7.41907070136936
6.19,-7.41858632173191
6.196,-7.41814367521345
6.202,-7.41774279051266
6.208,-7.41738369393463
6.214,-7.41706640938567
6.22,-7.41679095836775
6.226,-7.41655735997291
6.232,-7.41636563087738
6.238,-7.41621578533546
6.244,-7.41610783517321
6.25,-7.41604178978189
6.256,-7.41601765611113
6.262,-7.41603543866181
6.268,-7.41609513947874
6.274,-7.41619675814294
6.28,-7.41634029176381
6.286,-7.41652573497074
6.292,-7.41675307990461
6.298,-7.41702231620889
6.304,-7.4173334310203
6.31,-7.41768640895931
6.316,-7.4180812321201
6.322,-7.41851788006021
6.328,-7.41899632978984
6.334,-7.4195165557606
6.34,-7.42007852985408
6.346,-7.42068222136971
6.352,-7.42132759701245
6.358,-7.42201462087977
6.364,-7.42274325444837
6.37,-7.42351345656033
6.376,-7.42432518340866
6.382,-7.42517838852259
6.388,-7.42607302275205
6.394,-7.42700903425182
6.4,-7.42798636846502
6.406,-7.42900496810606
6.412,-7.43006477314302
6.418,-7.43116572077934
6.424,-7.43230774543508
6.43,-7.43349077872733
6.436,-7.4347147494501
6.442,-7.43597958355351
6.448,-7.43728520412232
6.454,-7.43863153135371
6.46,-7.44001848253439
6.466,-7.44144597201698
6.472,-7.44291391119554
6.478,-7.44442220848048
6.484,-7.44597076927258
6.49,-7.4475594959362
6.496,-7.44918828777173
6.502,-7.45085704098708
6.508,-7.45256564866847
6.514,-7.45431400075014
6.52,-7.45610198398331
6.526,-7.4579294819041
6.532,-7.45979637480059
6.538,-7.46170253967885
6.544,-7.46364785022799
6.55,-7.46563217678423
6.556,-7.46765538629384
6.562,-7.46971734227515
6.568,-7.47181790477938
6.574,-7.47395693035038
6.58,-7.47613427198329
6.586,-7.47834977908198
6.592,-7.48060329741532
6.598,-7.48289466907232
6.604,-7.48522373241593
6.61,-7.48759032203569
6.616,-7.48999426869897
6.622,-7.4924353993011
6.628,-7.49491353681394
6.634,-7.49742850023321
6.64,-7.49998010452452
6.646,-7.50256816056772
6.652,-7.5051924751001
6.658,-7.50785285065793
6.664,-7.51054908551654
6.67,-7.51328097362889
6.676,-7.51604830456261
6.682,-7.51885086343533
6.688,-7.52168843084859
6.694,-7.52456078281983
6.7,-7.527467690713
6.706,-7.5304089211672
6.712,-7.53338423602373
6.718,-7.53639339225132
6.724,-7.53943614186955
6.73,-7.54251223187045
6.736,-7.54562140413818
6.742,-7.5487633953669
6.748,-7.55193793697659
6.754,-7.55514475502702
6.76,-7.55838357012962
6.766,-7.56165409735737
6.772,-7.56495604615265
6.778,-7.56828912023291
6.784,-7.57165301749426
6.79,-7.57504742991297
6.796,-7.57847204344455
6.802,-7.58192653792088
6.808,-7.58541058694488
6.814,-7.58892385778292
6.82,-7.59246601125502
6.826,-7.59603670162251
6.832,-7.59963557647347
6.838,-7.60326227660557
6.844,-7.60691643590664
6.85,-7.61059768123269
6.856,-7.61430563228328
6.862,-7.61803990147458
6.868,-7.62180009380972
6.874,-7.62558580674651
6.88,-7.62939663006265
6.886,-7.63323214571819
6.892,-7.63709192771539
6.898,-7.64097554195574
6.904,-7.64488254609444
6.91,-7.64881248939198
6.916,-7.65276491256304
6.922,-7.65673934762253
6.928,-7.66073531772888
6.934,-7.66475233702447
6.94,-7.66878991047328
6.946,-7.67284753369553
6.952,-7.67692469279971
6.958,-7.68102086421148
6.964,-7.68513551449987
6.97,-7.68926810020051
6.976,-7.69341806763597
6.982,-7.69758485273328
6.988,-7.70176788083849
6.994,-7.70596656652841
7,-7.71018031341941
7.006,-7.71440851397347
7.012,-7.71865054930128
7.018,-7.72290578896258
7.024,-7.72717359076372
7.03,-7.73145330055234
7.036,-7.73574425200945
7.042,-7.74004576643867
7.048,-7.74435715255291
7.054,-7.74867770625837
7.06,-7.75300671043595
7.066,-7.75734343472019
7.072,-7.7616871352757
7.078,-7.76603705457123
7.084,-7.77039242115139
7.09,-7.77475244940612
7.096,-7.77911633933804
7.102,-7.78348327632764
7.108,-7.78785243089657
7.114,-7.79222295846903
7.12,-7.79659399913134
7.126,-7.80096467738998
7.132,-7.80533410192801
7.138,-7.8097013653601
7.144,-7.81406554398646
7.15,-7.81842569754544
7.156,-7.82278086896546
7.162,-7.82713008411598
7.168,-7.83147235155803
7.174,-7.83580666229422
7.18,-7.84013198951867
7.186,-7.84444728836694
7.192,-7.84875149566614
7.198,-7.85304352968556
7.204,-7.85732228988803
7.21,-7.86158665668225
7.216,-7.86583549117628
7.222,-7.87006763493267
7.228,-7.87428190972531
7.234,-7.87847711729843
7.24,-7.88265203912804
7.246,-7.88680543618609
7.252,-7.8909360487078
7.258,-7.89504259596237
7.264,-7.89912377602763
7.27,-7.90317826556878
7.276,-7.90720471962192
7.282,-7.91120177138245
7.288,-7.91516803199903
7.294,-7.91910209037341
7.3,-7.92300251296672
7.306,-7.92686784361238
7.312,-7.93069660333666
7.318,-7.93448729018676
7.324,-7.93823837906746
7.33,-7.94194832158654
7.336,-7.94561554590975
7.342,-7.94923845662557
7.348,-7.95281543462082
7.354,-7.95634483696721
7.36,-7.95982499681979
7.366,-7.96325422332777
7.372,-7.96663080155831
7.378,-7.9699529924341
7.384,-7.97321903268522
7.39,-7.97642713481594
7.396,-7.97957548708734
7.402,-7.98266225351628
7.408,-7.98568557389142
7.414,-7.98864356380711
7.42,-7.99153431471576
7.426,-7.99435589399957
7.432,-7.9971063450622
7.438,-7.99978368744121
7.444,-8.00238591694205
7.45,-8.00491100579425
7.456,-8.00735690283073
7.462,-8.00972153369076
7.468,-8.01200280104765
7.474,-8.01419858486152
7.48,-8.01630674265835
7.486,-8.0183251098357
7.492,-8.020251499996
7.498,-8.02208370530818
7.504,-8.02381949689826
7.51,-8.02545662526978
7.516,-8.02699282075447
7.522,-8.02842579399422
7.528,-8.0297532364547
7.534,-8.03097282097152
7.54,-8.03208220232931
7.546,-8.0330790178745
7.552,-8.03396088816236
7.558,-8.03472541763866
7.564,-8.03537019535664
7.57,-8.03589279572973
7.576,-8.03629077932035
7.582,-8.03656169366525
7.588,-8.03670307413774
7.594,-8.03671244484703
7.6,-8.03658731957505
7.606,-8.03632520275083
7.612,-8.0359235904626
7.618,-8.03537997150773
7.624,-8.03469182848051
7.63,-8.03385663889768
7.636,-8.03287187636163
7.642,-8.03173501176108
7.648,-8.03044351450904
7.654,-8.02899485381756
7.66,-8.02738650000907
7.666,-8.02561592586357
7.672,-8.02368060800144
7.678,-8.02157802830078
7.684,-8.019305675349
7.69,-8.01686104592742
7.696,-8.01424164652827
7.702,-8.01144499490286
7.708,-8.00846862163999
7.714,-8.0053100717733
7.72,-8.00196690641625
7.726,-7.99843670442349
7.732,-7.99471706407699
7.738,-7.99080560479536
7.744,-7.98669996886493
7.75,-7.98239782319042
7.756,-7.97789686106378
7.762,-7.97319480394892
7.768,-7.96828940328053
7.774,-7.96317844227468
7.78,-7.95785973774918
7.786,-7.95233114195126
7.792,-7.94659054439029
7.798,-7.94063587367303
7.804,-7.93446509933902
7.81,-7.92807623369332
7.816,-7.92146733363418
7.822,-7.91463650247274
7.828,-7.90758189174215
7.834,-7.90030170299317
7.84,-7.89279418957349
7.846,-7.88505765838788
7.852,-7.87709047163617
7.858,-7.86889104852616
7.864,-7.86045786695861
7.87,-7.85178946518114
7.876,-7.8428844434082
7.882,-7.83374146540419
7.888,-7.82435926002661
7.894,-7.81473662272652
7.9,-7.8048724170032
7.906,-7.79476557581037
7.912,-7.78441510291098
7.918,-7.77382007417792
7.924,-7.76297963883785
7.93,-7.75189302065569
7.936,-7.74055951905703
7.942,-7.72897851018616
7.948,-7.71714944789731
7.954,-7.70507186467673
7.96,-7.6927453724937
7.966,-7.68016966357817
7.972,-7.66734451112334
7.978,-7.65426976991127
7.984,-7.64094537685993
7.99,-7.6273713514902
7.996,-7.61354779631148
8.002,-7.5994748971247
8.008,-7.58515292324162
8.014,-7.57058222761976
8.02,-7.55576324691205
8.026,-7.54069650143068
8.032,-7.52538259502496
8.038,-7.50982221487277
8.044,-7.49401613118575
8.05,-7.47796519682829
8.056,-7.46167034685074
8.062,-7.44513259793721
8.068,-7.42835304776882
8.074,-7.41133287430315
8.08,-7.39407333497088
8.086,-7.37657576579092
8.092,-7.35884158040532
8.098,-7.34087226903552
8.104,-7.32266939736151
8.11,-7.30423460532587
8.116,-7.28556960586464
8.122,-7.26667618356697
8.128,-7.24755619326601
8.134,-7.22821155856328
8.14,-7.20864427028905
8.146,-7.18885638490136
8.152,-7.16885002282638
8.158,-7.14862736674286
8.164,-7.12819065981362
8.17,-7.10754220386716
8.176,-7.08668435753216
8.182,-7.06561953432831
8.188,-7.04435020071643
8.194,-7.02287887411109
8.2,-7.0012081208592
8.206,-6.97934055418749
8.212,-6.95727883212258
8.218,-6.93502565538657
8.224,-6.9125837652718
8.23,-6.88995594149777
8.236,-6.86714500005384
8.242,-6.84415379103063
8.248,-6.82098519644367
8.254,-6.79764212805228
8.26,-6.77412752517695
8.266,-6.75044435251829
8.272,-6.72659559798058
8.278,-6.70258427050293
8.284,-6.6784133979009
8.29,-6.65408602472155
8.296,-6.62960521011441
8.302,-6.60497402572139
8.308,-6.58019555358783
8.314,-6.5552728840975
8.32,-6.53020911393362
8.326,-6.50500734406848
8.332,-6.47967067778362
8.338,-6.45420221872268
8.344,-6.42860506897899
8.35,-6.40288232721951
8.356,-6.37703708684721
8.362,-6.35107243420312
8.368,-6.32499144680985
8.374,-6.29879719165789
8.38,-6.27249272353587
8.386,-6.24608108340614
8.392,-6.21956529682658
8.398,-6.19294837241964
8.404,-6.16623330038945
8.41,-6.13942305108778
8.416,-6.11252057362934
8.422,-6.0855287945571
8.428,-6.05845061655796
8.434,-6.03128891722909
8.44,-6.00404654789519
8.446,-5.97672633247688
8.452,-5.94933106641003
8.458,-5.92186351561625
8.464,-5.89432641552429
8.47,-5.86672247014206
8.476,-5.8390543511792
8.482,-5.81132469721954
8.488,-5.78353611294333
8.494,-5.75569116839854
8.5,-5.72779239832069
8.506,-5.69984230150065
8.512,-5.67184334019974
8.518,-5.64379793961127
8.524,-5.61570848736794
8.53,-5.58757733309407
8.536,-5.55940678800198
8.542,-5.5311991245315
8.548,-5.50295657603163
8.554,-5.47468133648359
8.56,-5.44637556026395
8.566,-5.41804136194714
8.572,-5.38968081614604
8.578,-5.3612959573897
8.584,-5.33288878003706
8.59,-5.30446123822571
8.596,-5.27601524585429
8.602,-5.2475526765978
8.608,-5.21907536395426
8.614,-5.19058510132206
8.62,-5.16208364210651
8.626,-5.13357269985458
8.632,-5.10505394841684
8.638,-5.07652902213518
8.644,-5.04799951605563
8.65,-5.01946698616469
8.656,-4.99093294964851
8.662,-4.96239888517347
8.668,-4.93386623318748
8.674,-4.90533639624057
8.68,-4.87681073932398
8.686,-4.84829059022663
8.692,-4.819777239908
8.698,-4.79127194288644
8.704,-4.7627759176419
8.71,-4.73429034703218
8.716,-4.70581637872173
8.722,-4.67735512562226
8.728,-4.64890766634399
8.734,-4.6204750456569
8.74,-4.59205827496119
8.746,-4.56365833276588
8.752,-4.53527616517505
8.758,-4.5069126863808
8.764,-4.47856877916217
8.77,-4.45024529538939
8.776,-4.42194305653283
8.782,-4.39366285417568
8.788,-4.36540545053011
8.794,-4.33717157895601
8.8,-4.30896194448184
8.806,-4.28077722432692
8.812,-4.2526180684248
8.818,-4.22448509994687
8.824,-4.19637891582609
8.83,-4.16830008727996
8.836,-4.14024916033263
8.842,-4.11222665633542
8.848,-4.08423307248551
8.854,-4.05626888234239
8.86,-4.02833453634156
8.866,-4.00043046230527
8.872,-3.97255706594987
8.878,-3.94471473138954
8.884,-3.91690382163601
8.89,-3.88912467909398
8.896,-3.8613776260521
8.902,-3.83366296516911
8.908,-3.805980979955
8.914,-3.77833193524698
8.92,-3.75071607767998
8.926,-3.72313363615153
8.932,-3.69558482228097
8.938,-3.6680698308626
8.944,-3.64058884031284
8.95,-3.61314201311113
8.956,-3.58572949623455
8.962,-3.55835142158598
8.968,-3.53100790641578
8.974,-3.50369905373681
8.98,-3.47642495273278
8.986,-3.44918567915996
8.992,-3.42198129574195
8.998,-3.39481185255776
9.004,-3.3676773874229
9.01,-3.34057792626373
9.016,-3.31351348348474
9.022,-3.28648406232907
9.028,-3.25948965523202
9.034,-3.23253024416768
9.04,-3.20560580098872
9.046,-3.17871628775919
9.052,-3.15186165708061
9.058,-3.12504185241112
9.064,-3.09825680837793
9.07,-3.07150645108301
9.076,-3.04479069840208
9.082,-3.0181094602769
9.088,-2.99146263900112
9.094,-2.96485012949943
9.1,-2.93827181960037
9.106,-2.91172759030263
9.112,-2.88521731603512
9.118,-2.8587408649107
9.124,-2.83229809897375
9.13,-2.80588887444163
9.136,-2.77951304194009
9.142,-2.75317044673273
9.148,-2.7268609289446
9.154,-2.70058432377999
9.16,-2.67434046173453
9.166,-2.6481291688017
9.172,-2.62195026667373
9.178,-2.59580357293716
9.184,-2.56968890126298
9.19,-2.54360606159153
9.196,-2.51755486031223
9.202,-2.49153510043824
9.208,-2.46554658177612
9.214,-2.43958910109058
9.22,-2.41366245226445
9.226,-2.38776642645396
9.232,-2.3619008122393
9.238,-2.33606539577076
9.244,-2.31025996091038
9.25,-2.28448428936923
9.256,-2.25873816084047
9.262,-2.23302135312823
9.268,-2.20733364227237
9.274,-2.18167480266932
9.28,-2.15604460718891
9.286,-2.13044282728752
9.292,-2.10486923311732
9.298,-2.07932359363204
9.304,-2.05380567668907
9.31,-2.02831524914806
9.316,-2.0028520769662
9.322,-1.97741592529014
9.328,-1.95200655854464
9.334,-1.92662374051813
9.34,-1.90126723444516
9.346,-1.87593680308574
9.352,-1.85063220880197
9.358,-1.82535321363162
9.364,-1.80009957935899
9.37,-1.7748710675831
9.376,-1.74966743978319
9.382,-1.72448845738167
9.388,-1.69933388180457
9.394,-1.67420347453955
9.4,-1.64909699719153
9.406,-1.62401421153606
9.412,-1.59895487957041
9.418,-1.57391876356252
9.424,-1.54890562609773
9.43,-1.52391523012364
9.436,-1.4989473389928
9.442,-1.47400171650355
9.448,-1.44907812693896
9.454,-1.42417633510393
9.46,-1.39929610636052
9.466,-1.37443720666158
9.472,-1.34959940258269
9.478,-1.32478246135249
9.484,-1.29998615088141
9.49,-1.27521023978896
9.496,-1.25045449742948
9.502,-1.22571869391643
9.508,-1.20100260014542
9.514,-1.1763059878158
9.52,-1.15162862945096
9.526,-1.12697029841745
9.532,-1.10233076894283
9.538,-1.07770981613231
9.544,-1.0531072159844
9.55,-1.02852274540531
9.556,-1.00395618222235
9.562,-0.979407305196373
9.568,-0.954875894033106
9.574,-0.930361729393664
9.58,-0.905864592904006
9.586,-0.881384267163654
9.592,-0.856920535753435
9.598,-0.832473183242471
9.604,-0.808041995194318
9.61,-0.783626758172412
9.616,-0.759227259744736
9.622,-0.73484328848777
9.628,-0.710474633989782
9.634,-0.686121086853453
9.64,-0.661782438697888
9.646,-0.637458482160003
9.652,-0.613149010895336
9.658,-0.588853819578292
9.664,-0.564572703901887
9.67,-0.54030546057694
9.676,-0.516051887330774
9.682,-0.491811782905502
9.688,-0.467584947055754
9.694,-0.44337118054609
9.7,-0.419170285147923
9.706,-0.394982063636092
9.712,-0.370806319784991
9.718,-0.346642858364436
9.724,-0.322491485135108
9.73,-0.298352006843706
9.736,-0.274224231217769
9.742,-0.250107966960237
9.748,-0.226003023743681
9.754,-0.20190921220431
9.76,-0.1778263439357
9.766,-0.153754231482272
9.772,-0.129692688332592
9.778,-0.105641528912397
9.784,-0.0816005685774558
9.79,-0.0575696236062084
9.796,-0.0335485111922709
9.802,-0.00953704943672565
9.808,0.0144649426597151
9.814,0.0384576452047457
9.82,0.0624412374225523
9.826,0.0864158976621263
9.832,0.110381803405621
9.838,0.134339131276861
9.844,0.158288057049982
9.85,0.18222875565806
9.856,0.20616140120195
9.862,0.230086166959118
9.868,0.254003225392627
9.874,0.277912748160078
9.88,0.301814906122711
9.886,0.325709869354503
9.892,0.349597807151328
9.898,0.373478888040174
9.904,0.397353279788337
9.91,0.42122114941272
9.916,0.445082663189081
9.922,0.468937986661381
9.928,0.492787284651049
9.934,0.516630721266329
9.94,0.540468459911596
9.946,0.564300663296718
9.952,0.588127493446316
9.958,0.61194911170912
9.964,0.635765678767253
9.97,0.659577354645505
9.976,0.683384298720635
9.982,0.707186669730563
9.988,0.7309846257836
9.994,0.754778324367644
10,0.778567922359338
