"Freq [GHz]","dB(St(3,1)) []"
1,-24.5166361897354
1.006,-7.68474847999414
1.012,2.32405733278763
1.018,-0.575019638625165
1.024,-2.46001675773565
1.03,-3.5418759397077
1.036,-4.22734273766406
1.042,-4.69583404116777
1.048,-5.03235061370383
1.054,-5.28182553073548
1.06,-5.47019037654201
1.066,-5.6134684923933
1.072,-5.7221101935239
1.078,-5.80323459523342
1.084,-5.86186807008194
1.09,-5.90166661589851
1.096,-5.92535675565615
1.102,-5.93501518391659
1.108,-5.9322520792852
1.114,-5.91833475222914
1.12,-5.89427316046974
1.126,-5.86088037115457
1.132,-5.81881615484363
1.138,-5.76861897084868
1.144,-5.71072980446477
1.15,-5.64551018194473
1.156,-5.57325595686799
1.162,-5.49420797923422
1.168,-5.40856043490277
1.174,-5.31646742202615
1.18,-5.21804817795609
1.186,-5.11339126246114
1.192,-5.00255792654017
1.198,-4.88558484112309
1.204,-4.76248632015912
1.21,-4.6332561437031
1.216,-4.49786906569337
1.222,-4.35628207616891
1.228,-4.20843547733917
1.234,-4.05425382629375
1.24,-3.89364679365578
1.246,-3.7265099868363
1.252,-3.55272578864973
1.258,-3.3721642670084
1.264,-3.18468421952333
1.27,-2.99013442859416
1.276,-2.78835521869065
1.282,-8.85154665861324
1.288,-9.10297943991834
1.294,-9.34660983269132
1.3,-9.57745936911562
1.306,-9.79584677111749
1.312,-10.0021617070717
1.318,-10.1967603618846
1.324,-10.3799415207712
1.33,-10.5519064393102
1.336,-10.7126123276953
1.342,-10.8610282821088
1.348,-10.9867104449895
1.354,-11.1864529231422
1.36,-11.2830088373215
1.366,-11.395024021408
1.372,-11.5028488798674
1.378,-11.6058000060558
1.384,-11.7049265904291
1.39,-11.8019593654702
1.396,-11.899071560114
1.402,-11.9985423624544
1.408,-12.1015098751846
1.414,-12.2010202534948
1.42,-12.1475730764982
1.426,-12.4165167958536
1.432,-12.5565735589716
1.438,-12.6982883121973
1.444,-12.8541722529355
1.45,-13.0280018572026
1.456,-13.2231344504007
1.462,-13.4393921334243
1.468,-13.6818966778803
1.474,-13.9511983328036
1.48,-14.248744442509
1.486,-14.5753101972079
1.492,-14.905408119104
1.498,-15.3199255184711
1.504,-15.7344925001299
1.51,-16.1767687470032
1.516,-16.6446064543762
1.522,-17.1355309519624
1.528,-17.6476185910107
1.534,-18.1752954789651
1.54,-18.7169249992444
1.546,-19.2766160752976
1.552,-19.8309995255121
1.558,-20.3926817691974
1.564,-20.9540097923374
1.57,-21.5113262484376
1.576,-22.0594289651369
1.582,-22.5945095335824
1.588,-23.1127906372632
1.594,-23.6105760729507
1.6,-24.0843179572047
1.606,-24.5306984484064
1.612,-24.9467189596899
1.618,-25.3297812342826
1.624,-25.6777011579387
1.63,-25.9876898926638
1.636,-26.2667109613129
1.642,-26.5024488559545
1.648,-26.7019224392415
1.654,-26.8652141030228
1.66,-26.9935334721135
1.666,-27.0884942968132
1.672,-27.1519376639149
1.678,-27.1857721750519
1.684,-27.1917321385791
1.69,-27.170723912683
1.696,-27.1192008827773
1.702,-26.9034945268158
1.708,-27.0481986420977
1.714,-26.9323592598914
1.72,-26.8167145659661
1.726,-26.6910901358751
1.732,-26.5549836981969
1.738,-26.4091677825166
1.744,-26.2546696036858
1.75,-26.0925185249368
1.756,-25.9236120318684
1.762,-25.7484285275046
1.768,-25.5650137311549
1.774,-25.4910965318003
1.78,-25.2182368025274
1.786,-25.0278345022521
1.792,-24.8387311875588
1.798,-24.6496062288701
1.804,-24.4606003671754
1.81,-24.2720723248251
1.816,-24.0844100222828
1.822,-23.8979857616653
1.828,-23.7131483664503
1.834,-23.530246673631
1.84,-23.349916049015
1.846,-23.1687819937454
1.852,-22.9939223018064
1.858,-22.8207959835954
1.864,-22.6504166035194
1.87,-22.4829759466837
1.876,-22.31858843636
1.882,-22.1573370445597
1.888,-21.9992835684216
1.894,-21.8444729320504
1.9,-21.6929358635998
1.906,-21.5446909463429
1.912,-21.3997463443425
1.918,-21.2581013135725
1.924,-21.1197475472785
1.93,-20.9846703804547
1.936,-20.8528498666087
1.942,-20.7242617305848
1.948,-20.5988781865222
1.954,-20.4766685742614
1.96,-20.3575996560891
1.966,-20.2416349799616
1.972,-20.1287303817546
1.978,-20.0188006051222
1.984,-19.9084306594703
1.99,-19.8086386169912
1.996,-19.7076311986605
2.002,-19.6096349879173
2.008,-19.5145561855951
2.014,-19.4223582549731
2.02,-19.3330161508004
2.026,-19.2465104670064
2.032,-19.1628264594522
2.038,-19.0819547332141
2.044,-19.0038954968508
2.05,-18.9286956744159
2.056,-18.8554736613071
2.062,-18.7862428745842
2.068,-18.7193992553923
2.074,-18.6553459335495
2.08,-18.5941198447618
2.086,-18.5357466701536
2.092,-18.4802533560993
2.098,-18.4276701947472
2.104,-18.3780313279117
2.11,-18.331374844474
2.116,-18.287742723472
2.122,-18.2471806935039
2.128,-18.2098567268604
2.134,-18.1757141962297
2.14,-18.1446922297801
2.146,-18.1168899695571
2.152,-18.0924034723459
2.158,-18.0713266096518
2.164,-18.0537526918853
2.17,-18.0397780425762
2.176,-18.0295118327936
2.182,-18.023112081745
2.188,-18.0209983955697
2.194,-18.0298615244069
2.2,-18.0224248436117
2.206,-18.0328598213949
2.212,-18.0462393046643
2.218,-18.063450949925
2.224,-18.0844824523569
2.23,-18.0983338372004
2.236,-18.142067743159
2.242,-18.1757626095627
2.248,-18.2141892635951
2.254,-18.2570882992936
2.26,-18.3044297433184
2.266,-18.3560232207599
2.272,-18.4123773602635
2.278,-18.473001408409
2.284,-18.5380268219967
2.29,-18.60743816269
2.296,-18.6812680148069
2.302,-18.7581039461278
2.308,-18.841050733229
2.314,-18.927456321012
2.32,-19.0178990745825
2.326,-19.1123987567052
2.332,-19.2115064456399
2.338,-19.3078809579724
2.344,-19.4157634128817
2.35,-19.5247696370704
2.356,-19.6368015901475
2.362,-19.7519639311673
2.368,-19.8711519410487
2.374,-19.9857184092943
2.38,-20.1104407701828
2.386,-20.2355670075873
2.392,-20.3624063728087
2.398,-20.4908913595922
2.404,-20.6208574103259
2.41,-20.7494732744412
2.416,-20.8856778962601
2.422,-21.0195658717837
2.428,-21.1540691159214
2.434,-21.2894053055269
2.44,-21.4254972378714
2.446,-21.5622078574545
2.452,-21.6994066641523
2.458,-21.8370376641783
2.464,-21.9753320316543
2.47,-22.1161580950381
2.476,-22.3509197223199
2.482,-22.3666704676816
2.488,-22.5065322562117
2.494,-22.6410532298347
2.5,-22.7730279314252
2.506,-22.9026834806833
2.512,-23.0297726316392
2.518,-23.153763038441
2.524,-23.2736705098964
2.53,-23.3873459511259
2.536,-23.4883153778921
2.542,-23.5392823063058
2.548,-24.2839874165184
2.554,-23.9677059087403
2.56,-24.0377376535162
2.566,-24.127865603993
2.572,-24.2209878910722
2.578,-24.3130753105216
2.584,-24.4026218754278
2.59,-24.4889012477417
2.596,-24.5715018159614
2.602,-24.6501662145402
2.608,-24.7247259876423
2.614,-24.7950717303186
2.62,-24.8611381849881
2.626,-24.9228962060509
2.632,-24.9803480568
2.638,-25.0335243618162
2.644,-25.0824818682049
2.65,-25.1273015690065
2.656,-25.1680869481941
2.662,-25.2049622195013
2.668,-25.2380704964969
2.674,-25.2675718706644
2.68,-25.2936413986513
2.686,-25.3164670150643
2.692,-25.2960667236157
2.698,-25.2635217769761
2.704,-25.2326953817006
2.71,-25.2034329711118
2.716,-25.1755694345549
2.722,-25.14893037949
2.728,-25.123333449899
2.734,-25.0985896705098
2.74,-25.0745047854278
2.746,-25.0508805593148
2.752,-25.0275160090827
2.758,-25.0042085339522
2.764,-24.9807549113636
2.77,-24.9569521252674
2.776,-24.9325979913097
2.782,-24.9074915398095
2.788,-24.8814331114541
2.794,-24.8542241113466
2.8,-24.8256663530973
2.806,-24.7955609041914
2.812,-24.7637063142822
2.818,-24.7298960655952
2.824,-24.6939150239105
2.83,-24.6555345818952
2.836,-24.6145060628858
2.842,-24.5705517772651
2.848,-24.5233528749198
2.854,-24.4725327913864
2.86,-24.41763462019
2.866,-24.3580901632392
2.872,-24.2931778123423
2.878,-24.2219661748517
2.884,-24.143241619491
2.89,-24.0554238345126
2.896,-23.9564922040823
2.902,-23.8439969666736
2.908,-23.7153544821539
2.914,-23.568888512413
2.92,-23.4064546985947
2.926,-23.2383358606472
2.932,-23.0881669351948
2.938,-22.9884787048805
2.944,-22.9586649756037
2.95,-22.9849562686792
2.956,-23.0322098947809
2.962,-23.0709975754234
2.968,-23.0881611663809
2.974,-23.082077069255
2.98,-23.0558955299587
2.986,-23.0137198740105
2.992,-22.959173401156
2.998,-22.8950847793357
3.004,-22.8235619819016
3.01,-22.7461543528476
3.016,-22.6640037452333
3.022,-22.5779619429091
3.028,-22.4886759009109
3.034,-22.3966479842474
3.04,-22.3022781910662
3.046,-22.2058937894687
3.052,-22.1077702591194
3.058,-22.008146233326
3.064,-21.9072342842815
3.07,-21.805228807195
3.076,-21.7023118610155
3.082,-21.5986575545602
3.088,-21.4944353847809
3.094,-21.3898128098705
3.1,-21.2849572547347
3.106,-21.1800376872968
3.112,-21.0752258627201
3.118,-20.9706973033093
3.124,-20.866632060848
3.13,-20.7632152929163
3.136,-20.6606376736209
3.142,-20.5590956510154
3.148,-20.4587915575168
3.154,-20.3599335753112
3.16,-20.2627355557572
3.166,-20.1674166899026
3.172,-20.0742010262927
3.178,-19.9833168321835
3.184,-19.8949957950191
3.19,-19.8094720625541
3.196,-19.7269811222651
3.202,-19.6477585236496
3.208,-19.5720384505967
3.214,-19.5000521551286
3.22,-19.4320262683386
3.226,-19.3681810091176
3.232,-19.3087283160668
3.238,-19.2538699326122
3.244,-19.203795479502
3.25,-19.1586805523222
3.256,-19.0707722890453
3.262,-18.9837661353543
3.268,-18.8976903365955
3.274,-18.8125747029932
3.28,-18.728450840169
3.286,-18.645352396037
3.292,-18.5633153237509
3.298,-18.4823781601727
3.304,-18.4025823190964
3.31,-18.3239723981968
3.316,-18.2465964983734
3.322,-18.1705065538274
3.328,-18.0957586708356
3.334,-18.022413472775
3.34,-17.9505364484976
3.346,-17.8801983006599
3.352,-17.8114752900799
3.358,-17.7444495716179
3.364,-17.6792095164764
3.37,-17.6158500151814
3.376,-17.5544727548657
3.382,-17.4951864638271
3.388,-17.4381071157108
3.394,-17.3833580850793
3.4,-17.3310702456166
3.406,-17.2813820018038
3.412,-17.2344392446267
3.418,-17.1903952217895
3.424,-17.1494103130455
3.43,-17.1116517016703
3.436,-17.0772929338422
3.442,-17.0465133587974
3.448,-17.0194974441427
3.454,-16.9964339626493
3.46,-16.9775150492467
3.466,-16.9629351297673
3.472,-16.9528897262326
3.478,-16.9475741470734
3.484,-16.9471820745348
3.49,-16.9519040655292
3.496,-16.9619259862068
3.502,-16.9774274043487
3.508,-16.9985799671491
3.514,-17.0255457948426
3.52,-17.0584759227525
3.526,-17.0975088254896
3.532,-17.1427690570877
3.538,-17.1943660396919
3.544,-17.252393030995
3.55,-17.3169262969541
3.556,-17.3880245115141
3.562,-17.4657283992807
3.568,-17.5500606305547
3.574,-17.6410259711384
3.58,-17.7386116821666
3.586,-17.8427881582224
3.592,-17.9535097854862
3.598,-18.0707159959133
3.604,-18.1943324886753
3.61,-18.3242725865018
3.616,-18.460438692219
3.622,-18.6027238097291
3.628,-18.7510130938625
3.634,-18.9051853948705
3.64,-19.0651147656462
3.646,-19.2306719029058
3.652,-19.4017254973099
3.658,-19.5781434716651
3.664,-19.7597940907282
3.67,-19.9465469305442
3.676,-20.1382736995585
3.682,-20.3348489078009
3.688,-20.5361503841782
3.694,-20.7420596452391
3.7,-20.9524621216755
3.706,-21.1672472512599
3.712,-21.3863084489002
3.718,-21.6095429660342
3.724,-21.8368516527048
3.73,-22.0681386363884
3.736,-22.303310932025
3.742,-22.542277997754
3.748,-22.7849512506318
3.754,-23.0312435561226
3.76,-23.2810687044606
3.766,-23.5343408860893
3.772,-23.7909741773473
3.778,-24.050882046393
3.784,-24.3139768880984
3.79,-24.5801695952977
3.796,-24.849369172397
3.802,-25.1214823959566
3.808,-25.3964135254714
3.814,-25.6740640662319
3.82,-25.9543325848681
3.826,-26.23711457698
3.832,-26.5223023851736
3.838,-26.809785164853
3.844,-27.0994488942889
3.85,-27.3911764248031
3.856,-27.684847566372
3.862,-27.9803392035747
3.868,-28.277525436579
3.874,-28.576277741772
3.88,-28.8764651466887
3.886,-29.1779544140597
3.892,-29.4806102300789
3.898,-29.7842953923577
3.904,-30.0888709934832
3.91,-30.3941965966019
3.916,-30.7001304000039
3.922,-31.0065293882667
3.928,-31.3132494681146
3.934,-31.6201455877559
3.94,-31.9270718390584
3.946,-32.2338815425043
3.952,-32.5404273154325
3.958,-32.8465611246027
3.964,-33.1521343246231
3.97,-33.4569976842439
3.976,-33.7610014029464
3.982,-34.063995120641
3.988,-34.3658279236315
3.994,-34.6663483502929
4,-34.9654044001663
4.006,-35.2628435503646
4.012,-35.5585127833321
4.018,-35.8522586300829
4.024,-36.1439272330704
4.03,-36.4333644327901
4.036,-36.7204158821054
4.042,-37.004927192081
4.048,-37.2867441128276
4.054,-37.5657127524818
4.06,-37.8416798369722
4.066,-38.1144930126476
4.072,-38.3840011931672
4.078,-38.6500549512788
4.084,-38.9125069552384
4.09,-39.1712124486685
4.096,-39.4260297716225
4.102,-39.6768209195377
4.108,-39.9234521356406
4.114,-40.1657945312467
4.12,-40.4037247272998
4.126,-40.6371255094629
4.132,-40.8658864881367
4.138,-41.0899047539846
4.144,-41.3090855189225
4.15,-41.5233427321183
4.156,-41.7325996603767
4.162,-41.9367894223766
4.168,-42.1358554665981
4.174,-42.3297519834326
4.18,-42.5184442428978
4.186,-42.7019088505689
4.192,-42.8801339157569
4.198,-43.0531191275685
4.204,-43.2208757362338
4.21,-43.3834264389172
4.216,-43.5408051710865
4.222,-43.6930568063363
4.228,-43.8402367692913
4.234,-43.9824105677941
4.24,-44.1196532519655
4.246,-44.2520488088779
4.252,-44.3796895024726
4.258,-44.5026751689654
4.264,-44.6211124783245
4.27,-44.7351141724626
4.276,-44.844798290597
4.282,-44.9502873918049
4.288,-45.0517077841785
4.294,-45.1491887692015
4.3,-45.2428619090501
4.306,-45.3328603235295
4.312,-45.4193180223014
4.318,-45.5023692769977
4.324,-45.5821480367611
4.33,-45.6587873897485
4.336,-45.7324190721825
4.342,-45.8031730256729
4.348,-45.871177002746
4.354,-45.9365562198475
4.36,-45.9994330564955
4.366,-46.0599267987859
4.372,-46.1181534250656
4.378,-46.174225431293
4.384,-46.2282516933997
4.39,-46.2803373638275
4.396,-46.3305837993484
4.402,-46.3790885172646
4.408,-46.4259451771192
4.414,-46.4712435851278
4.42,-46.5150697186475
4.426,-46.5575057681316
4.432,-46.5986301941702
4.438,-46.6385177973757
4.444,-46.6772397990446
4.45,-46.7148639306939
4.456,-46.7514545307457
4.462,-46.7870726467971
4.468,-46.8217761420764
4.474,-46.8556198048385
4.48,-46.8886554596005
4.486,-46.9209320792511
4.492,-46.9524958971977
4.498,-46.9833905188279
4.504,-47.0136570316701
4.51,-47.0433341137347
4.516,-47.0724581396025
4.522,-47.1010632839082
4.528,-47.1291816219324
4.534,-47.1568432270809
4.54,-47.1840762650827
4.546,-47.2109070847845
4.552,-47.237360305463
4.558,-47.2634589006119
4.564,-47.2892242781877
4.57,-47.3146763573291
4.576,-47.3398336415842
4.582,-47.3647132886973
4.588,-47.3893311770247
4.594,-47.4137019686578
4.6,-47.4378391693459
4.606,-47.4617551853138
4.612,-47.4854613770784
4.618,-47.508968110372
4.624,-47.5322848042814
4.63,-47.555419976714
4.636,-47.5783812873045
4.642,-47.6011755778711
4.648,-47.6238089105345
4.654,-47.6462866036064
4.66,-47.6686132653554
4.666,-47.6907928257545
4.672,-47.7128285663118
4.678,-47.734723148083
4.684,-47.7564786379614
4.69,-47.7780965333383
4.696,-47.7995777852215
4.702,-47.8209228198999
4.708,-47.8421315592355
4.714,-47.8632034396621
4.72,-47.884137429968
4.726,-47.9049320479358
4.732,-47.9255853759079
4.738,-47.9460950753485
4.744,-47.9664584004622
4.75,-47.9866722109361
4.756,-48.0067329838606
4.762,-48.0266368248885
4.768,-48.0463794786865
4.774,-48.0659563387317
4.78,-48.0853624565026
4.786,-48.104592550116
4.792,-48.1236410124526
4.798,-48.1425019188207
4.804,-48.1611690341977
4.81,-48.1796358200944
4.816,-48.1978954410801
4.822,-48.2159407710101
4.828,-48.2337643989918
4.834,-48.2513586351277
4.84,-48.2687155160693
4.846,-48.285826810419
4.852,-48.3026840240114
4.858,-48.3192784051082
4.864,-48.3356009495389
4.87,-48.3516424058171
4.876,-48.3673932802641
4.882,-48.3828438421681
4.888,-48.3979841290085
4.894,-48.4128039517735
4.9,-48.4272929003968
4.906,-48.4414403493413
4.912,-48.4552354633545
4.918,-48.4686672034204
4.924,-48.4817243329322
4.93,-48.4943954241085
4.936,-48.5066688646748
4.942,-48.5185328648323
4.948,-48.5299754645326
4.954,-48.5409845410791
4.96,-48.5515478170708
4.966,-48.5616528687068
4.972,-48.5712871344661
4.978,-48.5804379241757
4.984,-48.5890924284806
4.99,-48.5972377287261
4.996,-48.6048608072608
5.002,-48.6119485581686
5.008,-48.6184877984347
5.014,-48.624465279549
5.02,-48.6298676995494
5.026,-48.6346817155031
5.032,-48.638893956424
5.038,-48.6424910366212
5.044,-48.6454595694711
5.05,-48.6477861816025
5.056,-48.6494575274843
5.062,-48.6504603043987
5.068,-48.6507812677851
5.074,-48.6504072469322
5.08,-48.6493251609981
5.086,-48.6475220353315
5.092,-48.6449850180677
5.098,-48.6417013969684
5.104,-48.6376586164727
5.11,-48.6328442949248
5.116,-48.6272462419401
5.122,-48.6208524758708
5.128,-48.6136512413285
5.134,-48.6056310267211
5.14,-48.5967805817579
5.146,-48.5870889348752
5.152,-48.5765454105359
5.158,-48.5651396463509
5.164,-48.5528616099741
5.17,-48.5397016157181
5.176,-48.5256503408394
5.182,-48.5106988414421
5.188,-48.4948385679465
5.194,-48.4780613800738
5.2,-48.4603595612942
5.206,-48.4417258326907
5.212,-48.4221533661894
5.218,-48.4016357971105
5.224,-48.3801672359951
5.23,-48.3577422796667
5.236,-48.3343560214863
5.242,-48.3100040607658
5.248,-48.2846825113049
5.254,-48.2583880090217
5.26,-48.2311177186506
5.266,-48.2028693394832
5.272,-48.1736411101341
5.278,-48.1434318123162
5.284,-48.1122407736145
5.29,-48.0800678692513
5.296,-48.0469135228407
5.302,-48.0127787061353
5.308,-47.9776649377694
5.314,-47.9415742810107
5.32,-47.9045093405354
5.326,-47.8664732582438
5.332,-47.827469708142
5.338,-47.7875028903145
5.344,-47.7465775240185
5.35,-47.704698839934
5.356,-47.6618725716073
5.362,-47.6181049461267
5.368,-47.573402674075
5.374,-47.5277729388023
5.38,-47.4812233850678
5.386,-47.4337621070998
5.392,-47.385397636124
5.398,-47.3361389274136
5.404,-47.2859953469125
5.41,-47.2349766574879
5.416,-47.1830930048631
5.422,-47.1303549032883
5.428,-47.0767732210003
5.434,-47.0223591655264
5.44,-46.9671242688843
5.446,-46.91108037273
5.452,-46.8542396135038
5.458,-46.7966144076242
5.464,-46.7382174367758
5.47,-46.6790616333376
5.476,-46.6191601659949
5.482,-46.5585264255765
5.488,-46.4971740111553
5.494,-46.4351167164512
5.5,-46.3723685165683
5.506,-46.3970295207822
5.512,-46.4207195140398
5.518,-46.4434288833868
5.524,-46.4651486687833
5.53,-46.4858705839517
5.536,-46.5055870358592
5.542,-46.5242911427437
5.548,-46.5419767505913
5.554,-46.558638447986
5.56,-46.5742715792551
5.566,-46.5888722558446
5.572,-46.6024373658653
5.578,-46.6149645817603
5.584,-46.6264523660536
5.59,-46.6368999751496
5.596,-46.6463074611623
5.602,-46.6546756717648
5.608,-46.6620062480577
5.614,-46.6683016204675
5.62,-46.6735650026952
5.626,-46.6778003837447
5.632,-46.6810125180714
5.638,-46.6832069139005
5.644,-46.6843898197722
5.65,-46.6845682093819
5.656,-46.683749764789
5.662,-46.6819428580757
5.668,-46.6791565315448
5.674,-46.6754004765501
5.68,-46.6706850110582
5.686,-46.6650210560454
5.692,-46.6584201108372
5.698,-46.6508942274979
5.704,-46.6424559843836
5.71,-46.6331184589698
5.716,-46.6228952000663
5.722,-46.6118001995331
5.728,-46.5998478636052
5.734,-46.5870529839386
5.74,-46.5734307084825
5.746,-46.5589965122819
5.752,-46.5437661683093
5.758,-46.5277557184237
5.764,-46.5109814445463
5.77,-46.4934598401392
5.776,-46.4752075820715
5.782,-46.4562415029437
5.788,-46.4365785639457
5.794,-46.4162358283093
5.8,-46.3952304354159
5.806,-46.3735795756114
5.812,-46.351300465775
5.818,-46.3284103256841
5.824,-46.3049263552094
5.83,-46.2808657123712
5.836,-46.2562454922799
5.842,-46.2310827069822
5.848,-46.2053942662245
5.854,-46.1791969591447
5.86,-46.1525074368964
5.866,-46.1253421962074
5.872,-46.0977175638671
5.878,-46.0696496821378
5.884,-46.0411544950777
5.89,-46.0122477357641
5.896,-45.9829449143983
5.902,-45.9532613072741
5.908,-45.9232119465901
5.914,-45.8928116110793
5.92,-45.862074817435
5.926,-45.8310158125028
5.932,-45.799648566214
5.938,-45.7679867652297
5.944,-45.7360438072671
5.95,-45.7038327960768
5.956,-45.6713665370417
5.962,-45.6386575333666
5.968,-45.6057179828243
5.974,-45.5725597750336
5.98,-45.5391944892314
5.986,-45.5056333925136
5.992,-45.4718874385127
5.998,-45.4379672664813
6.004,-45.4038832007553
6.01,-45.3696452505668
6.016,-45.3352631101782
6.022,-45.3007461593129
6.028,-45.2661034638544
6.034,-45.2313437767904
6.04,-45.196475539376
6.046,-45.1615068824933
6.052,-45.1264456281853
6.058,-45.0912992913413
6.064,-45.0560750815146
6.07,-45.020779904851
6.076,-44.9854203661119
6.082,-44.9500027707698
6.088,-44.9145331271645
6.094,-44.879017148699
6.1,-44.8434602560632
6.106,-44.8078675794681
6.112,-44.772243960881
6.118,-44.736593956243
6.124,-44.7009218376625
6.13,-44.6652315955691
6.136,-44.6295269408207
6.142,-44.5938113067511
6.148,-44.5580878511502
6.154,-44.5223594581689
6.16,-44.4866287401389
6.166,-44.4508980393029
6.172,-44.4151694294437
6.178,-44.3794447174135
6.184,-44.3437254445494
6.19,-44.308012887976
6.196,-44.2723080617887
6.202,-44.2366117181118
6.208,-44.200924348032
6.214,-44.165246182398
6.22,-44.1295771924907
6.226,-44.0939170905549
6.232,-44.0582653301963
6.238,-44.0226211066371
6.244,-43.9869833568343
6.25,-43.9513507594556
6.256,-43.9157217347157
6.262,-43.8800944440715
6.268,-43.8444667897776
6.274,-43.808836414302
6.28,-43.7732006996052
6.286,-43.737556766281
6.292,-43.7019014725655
6.298,-43.6662314132135
6.304,-43.6305429182466
6.31,-43.5948320515752
6.316,-43.5590946095002
6.322,-43.5233261190973
6.328,-43.4875218364883
6.334,-43.4516767450048
6.34,-43.4157855532515
6.346,-43.379842693073
6.352,-43.3438423174309
6.358,-43.3077782982021
6.364,-43.2716442239002
6.37,-43.2354333973334
6.376,-43.1991388332054
6.382,-43.1627532556689
6.388,-43.1262690958441
6.394,-43.0896784893093
6.4,-43.0529732735796
6.406,-43.016144985582
6.412,-42.9791848591429
6.418,-42.9420838225004
6.424,-42.9048324958558
6.43,-42.8674211889807
6.436,-42.8298398988947
6.442,-42.7920783076311
6.448,-42.7541257801092
6.454,-42.7159713621301
6.46,-42.6776037785172
6.466,-42.639011431421
6.472,-42.600182398809
6.478,-42.5611044331637
6.484,-42.5217649604109
6.49,-42.482151079102
6.496,-42.4422495598758
6.502,-42.4020468452241
6.508,-42.361529049586
6.514,-42.3206819598032
6.52,-42.2794910359549
6.526,-42.2379414126097
6.532,-42.1960179005162
6.538,-42.1537049887659
6.544,-42.110986847456
6.55,-42.0678473308822
6.556,-42.024269981293
6.562,-41.9802380332345
6.568,-41.9357344185177
6.574,-41.8907417718366
6.58,-41.8452424370708
6.586,-41.7992184742973
6.592,-41.7526516675474
6.598,-41.7055235333315
6.604,-41.6578153299634
6.61,-41.6095080677103
6.616,-41.5605825197934
6.622,-41.5110192342661
6.628,-41.4607985467891
6.634,-41.4099005943285
6.64,-41.3583053297924
6.646,-41.3059925376265
6.652,-41.2529418503826
6.658,-41.1991327662733
6.664,-41.1445446677244
6.67,-41.0891568409323
6.676,-41.0329484964307
6.682,-40.9758987906712
6.688,-40.9179868486159
6.694,-40.8591917873375
6.7,-40.7994927406225
6.706,-40.7388688845671
6.712,-40.6772994641524
6.718,-40.614763820785
6.724,-40.551241420784
6.73,-40.4867118847942
6.736,-40.4211550181028
6.742,-40.3545508418338
6.748,-40.2868796249947
6.754,-40.2181219173468
6.76,-40.14825858307
6.766,-40.0772708351942
6.772,-40.0051402707675
6.778,-39.9318489067331
6.784,-39.8573792164902
6.79,-39.7817141671129
6.796,-39.7048372572072
6.802,-39.6267325553899
6.808,-39.5473847393772
6.814,-39.466779135677
6.82,-39.384901759886
6.826,-39.301739357603
6.832,-39.2172794459722
6.838,-39.1315103558908
6.844,-39.0444212749163
6.85,-38.956002290928
6.856,-38.8662444366094
6.862,-38.7751397348304
6.868,-38.6826812450269
6.874,-38.5888631106922
6.88,-38.4936806081094
6.886,-38.3971301964765
6.892,-38.2992095695934
6.898,-38.1999177092996
6.904,-38.0992549408754
6.91,-37.9972229906364
6.916,-37.8938250459765
6.922,-37.7890658181345
6.928,-37.6829516079802
6.934,-37.5754903751383
6.94,-37.4666918107884
6.946,-37.356567414497
6.952,-37.2451305754569
6.958,-37.1323966585225
6.964,-37.0183830954446
6.97,-36.9031094817155
6.976,-36.7865976794412
6.982,-36.6688719266593
6.988,-36.5499589535124
6.994,-36.4298881056787
7,-36.3086914754356
7.006,-36.1864040407066
7.012,-36.0630638123968
7.018,-35.9387119902686
7.024,-35.8133931275405
7.03,-35.6871553043032
7.036,-35.5600503097443
7.042,-35.4321338330406
7.048,-35.3034656626291
7.054,-35.1741098933851
7.06,-35.0441351410259
7.066,-34.9136147628187
7.072,-34.7826270833883
7.078,-34.6512556241087
7.084,-34.5195893342009
7.09,-34.3877228212659
7.096,-34.2557565785373
7.102,-34.1237972056584
7.108,-33.9919576192656
7.114,-33.8603572491039
7.12,-33.7291222148131
7.126,-33.5983854779153
7.132,-33.4682869629234
7.138,-33.3389736408782
7.144,-33.2105995680488
7.15,-33.0833258720014
7.156,-32.9573206768019
7.162,-32.8327589587863
7.168,-32.7098223241649
7.174,-32.5886986997452
7.18,-32.4695819283219
7.186,-32.3526712608317
7.192,-32.2381707382423
7.198,-32.1262884573899
7.204,-32.0172357166154
7.21,-31.9112260391093
7.216,-31.8084740743459
7.222,-31.7091943808724
7.228,-31.613600096958
7.234,-31.5219015091481
7.24,-31.4343045325098
7.246,-31.3510091201706
7.252,-31.2722076234964
7.258,-31.1980831277563
7.264,-31.1288077911895
7.27,-31.064541217842
7.276,-31.0054288961969
7.282,-30.9516007363125
7.288,-30.9031697378025
7.294,-30.8602308194482
7.3,-30.822859838521
7.306,-30.791112824054
7.312,-30.7650254434557
7.318,-30.744612716175
7.324,-30.7298689818455
7.33,-30.7207681237255
7.336,-30.7172640415964
7.342,-30.7192913618924
7.348,-30.7267663669776
7.354,-30.7395881204128
7.36,-30.7576397609451
7.366,-30.7807899349568
7.372,-30.8088943352692
7.378,-30.8417973135288
7.384,-30.8793335338413
7.39,-30.92132963674
7.396,-30.9676058848512
7.402,-31.0179777645463
7.408,-31.0722575212871
7.414,-31.1302556100676
7.42,-31.1917820461745
7.426,-31.2566476452602
7.432,-31.3246651453255
7.438,-31.3956502065376
7.444,-31.4694222877836
7.45,-31.5458054014472
7.456,-31.6246287500573
7.462,-31.7057272502043
7.468,-31.788941950463
7.474,-31.8741203510279
7.48,-31.9611166333948
7.486,-32.0497918087595
7.492,-32.1400137938853
7.498,-32.2316574230671
7.504,-32.3246044045355
7.51,-32.4187432292274
7.516,-32.5139690393486
7.522,-32.6101834635937
7.528,-32.7072944252859
7.534,-32.8052159290968
7.54,-32.9038678313962
7.546,-33.0031755986958
7.552,-33.1030700580925
7.558,-33.2034871430857
7.564,-33.3043676376608
7.57,-33.4056569210804
7.576,-33.5073047154219
7.582,-33.6092648375367
7.588,-33.7114949567828
7.594,-33.8139563595983
7.6,-33.9166137217341
7.606,-34.0194348887499
7.612,-34.1223906651891
7.618,-34.2254546126945
7.624,-34.3286028571898
7.63,-34.4318139051427
7.636,-34.5350684688329
7.642,-34.6383493004727
7.648,-34.7416410349701
7.654,-34.8449300410725
7.66,-34.9482042805985
7.666,-35.0514531754327
7.672,-35.1546674819445
7.678,-35.2578391724742
7.684,-35.3609613235295
7.69,-35.4640280103257
7.696,-35.5670342073118
7.702,-35.6699756943242
7.708,-35.7728489680188
7.714,-35.8756511582418
7.72,-35.9783799490084
7.726,-36.081033503771
7.732,-36.1836103946704
7.738,-36.2861095354776
7.744,-36.3885301179428
7.75,-36.4908715512875
7.756,-36.5931334045831
7.762,-36.6953153517751
7.768,-36.7974171191244
7.774,-36.8994384348513
7.78,-37.0013789807747
7.786,-37.1032383457592
7.792,-37.2050159807865
7.798,-37.3067111554842
7.804,-37.4083229159533
7.81,-37.509850043747
7.816,-37.6112910158649
7.822,-37.7126439656358
7.828,-37.8139066443719
7.834,-37.9150763836888
7.84,-38.0161500583936
7.846,-38.117124049855
7.852,-38.2179942097767
7.858,-38.3187558243081
7.864,-38.4194035784329
7.87,-38.5199315205892
7.876,-38.6203330274837
7.882,-38.7206007690719
7.888,-38.82072667369
7.894,-38.9207018933329
7.9,-39.0205167690852
7.906,-39.1201607967249
7.912,-39.2196225925315
7.918,-39.3188898593442
7.924,-39.4179493529282
7.93,-39.5167868487244
7.936,-39.6153871090707
7.942,-39.7137338509995
7.948,-39.8118097147342
7.954,-39.9095962330225
7.96,-40.0070738014636
7.966,-40.1042216500052
7.972,-40.2010178158048
7.978,-40.297439117668
7.984,-40.3934611323008
7.99,-40.489058172626
7.996,-40.5842032684423
8.002,-40.6788681497168
8.008,-40.7730232328271
8.014,-40.8666376100851
8.02,-40.9596790428926
8.026,-41.0521139588976
8.032,-41.1439074535321
8.038,-41.2350232963273
8.044,-41.3254239424113
8.05,-41.4150705496002
8.056,-41.5039230014997
8.062,-41.5919399370301
8.068,-41.6790787867844
8.074,-41.7652958166156
8.08,-41.8505461788348
8.086,-41.9347839713764
8.092,-42.0179623052547
8.098,-42.1000333806021
8.104,-42.1809485715266
8.11,-42.2606585199781
8.116,-42.3391132387435
8.122,-42.4162622236256
8.128,-42.4920545747733
8.134,-42.5664391270489
8.14,-42.6393645892169
8.146,-42.7107796916395
8.152,-42.7806333420517
8.158,-42.8488747888765
8.164,-42.9154537914236
8.17,-42.9803207961944
8.176,-43.043427118396
8.182,-43.1047251276552
8.188,-43.1641684368029
8.194,-43.2217120925021
8.2,-43.277312766391
8.206,-43.3309289453309
8.212,-43.3825211192794
8.218,-43.432051965255
8.224,-43.4794865258255
8.23,-43.5247923805409
8.236,-43.5679398087359
8.242,-43.6089019421652
8.248,-43.6476549059847
8.254,-43.6841779466747
8.26,-43.7184535456033
8.266,-43.7504675170548
8.272,-43.7802090896909
8.278,-43.8076709705806
8.284,-43.8328493911125
8.29,-43.8557441342979
8.296,-43.8763585431741
8.302,-43.8946995102243
8.308,-43.9107774479431
8.314,-43.9246062408787
8.32,-43.9362031796865
8.326,-43.9455888779191
8.332,-43.952787172453
8.338,-43.9578250086158
8.344,-43.9607323112174
8.35,-43.9615418428092
8.356,-43.9602890505954
8.362,-43.9570119034939
8.368,-43.9517507208932
8.374,-43.9445479946823
8.38,-43.9354482061308
8.386,-43.9244976391802
8.392,-43.9117441916698
8.398,-43.8972371859597
8.404,-43.881027180347
8.41,-43.8631657825779
8.416,-43.8437054666639
8.422,-43.8226993941021
8.428,-43.8002012404859
8.434,-43.7762650283745
8.44,-43.7509449671711
8.446,-43.7242953006388
8.452,-43.6963701625683
8.458,-43.6672234409962
8.464,-43.6369086512662
8.47,-43.6054788181226
8.476,-43.57298636693
8.482,-43.5394830240297
8.488,-43.5050197261597
8.494,-43.4696465387988
8.5,-43.4334125832327
8.506,-43.3963659720857
8.512,-43.3585537530191
8.518,-43.3200218602574
8.524,-43.2808150735762
8.53,-43.240976984363
8.536,-43.2005499683428
8.542,-43.1595751645558
8.548,-43.118092460162
8.554,-43.0761404806549
8.56,-43.0337565850626
8.566,-42.9909768657277
8.572,-42.9478361522643
8.578,-42.9043680193024
8.584,-42.8606047976485
8.59,-42.8165775885022
8.596,-42.772316280389
8.602,-42.727849568489
8.608,-42.6832049760553
8.614,-42.6384088776397
8.62,-42.5934865238597
8.626,-42.5484620674597
8.632,-42.5033585904403
8.638,-42.4581981320433
8.644,-42.4130017174022
8.65,-42.3677893866814
8.656,-42.322580224545
8.662,-42.2773923898111
8.668,-42.2322431451609
8.674,-42.1871488867881
8.68,-42.1421251738833
8.686,-42.0971867578629
8.692,-42.0523476112617
8.698,-42.0076209562192
8.704,-41.9630192924987
8.71,-41.9185544249865
8.716,-41.8742374906285
8.722,-41.830078984766
8.728,-41.7860887868413
8.734,-41.7422761854487
8.74,-41.6986499027124
8.746,-41.6552181179769
8.752,-41.611988490801
8.758,-41.5689681832495
8.764,-41.5261638814806
8.77,-41.4835818166303
8.776,-41.4412277849967
8.782,-41.3991071675311
8.788,-41.3572249486433
8.794,-41.315585734332
8.8,-41.2741937696503
8.806,-41.2330529555196
8.812,-41.192166864907
8.818,-41.1515387583777
8.824,-41.1111715990409
8.83,-41.0710680669037
8.836,-41.0312305726488
8.842,-40.9916612708536
8.848,-40.9523620726669
8.854,-40.913334657961
8.86,-40.8745804869743
8.866,-40.8361008114633
8.872,-40.7978966853793
8.878,-40.7599689750874
8.884,-40.7223183691426
8.89,-40.6849453876413
8.896,-40.6478503911616
8.902,-40.6110335893093
8.908,-40.5744950488845
8.914,-40.5382347016834
8.92,-40.5022523519483
8.926,-40.4665476834827
8.932,-40.431120266442
8.938,-40.3959695638145
8.944,-40.3610949376052
8.95,-40.3264956547343
8.956,-40.2921708926627
8.962,-40.2581197447559
8.968,-40.2243412253967
8.974,-40.1908342748587
8.98,-40.1575977639495
8.986,-40.1246304984346
8.992,-40.0919312232503
8.998,-40.0594986265167
9.004,-40.0273313433569
9.01,-39.9954279595336
9.016,-39.9637870149094
9.022,-39.932407006739
9.028,-39.9012863928016
9.034,-39.870423594379
9.04,-39.8398169990885
9.046,-39.8094649635747
9.052,-39.7793658160684
9.058,-39.7495178588183
9.064,-39.7199193704
9.07,-39.6905686079099
9.076,-39.6614638090474
9.082,-39.6326031940914
9.088,-39.6039849677763
9.094,-39.5756073210709
9.1,-39.547468432866
9.106,-39.5195664715739
9.112,-39.4918995966445
9.118,-39.4644659600012
9.124,-39.4372637074017
9.13,-39.4102909797246
9.136,-39.3835459141887
9.142,-39.3570266455049
9.148,-39.330731306966
9.154,-39.304658031476
9.16,-39.2788049525229
9.166,-39.2531702050969
9.172,-39.2277519265558
9.178,-39.2025482574426
9.184,-39.1775573422545
9.19,-39.1527773301677
9.196,-39.1282063757195
9.202,-39.1038426394492
9.208,-39.0796842885011
9.214,-39.0557294971893
9.22,-39.0319764475283
9.226,-39.0084233297297
9.232,-38.9850683426675
9.238,-38.9619096943119
9.244,-38.9389456021356
9.25,-38.9161742934916
9.256,-38.8935940059655
9.262,-38.8712029877023
9.268,-38.8489994977098
9.274,-38.82698180614
9.28,-38.8051481945481
9.286,-38.7834969561316
9.292,-38.7620263959505
9.298,-38.7407348311285
9.304,-38.7196205910366
9.31,-38.6986820174607
9.316,-38.6779174647533
9.322,-38.6573252999696
9.328,-38.6369039029899
9.334,-38.6166516666289
9.34,-38.5965669967311
9.346,-38.5766483122552
9.352,-38.5568940453458
9.358,-38.5373026413957
9.364,-38.5178725590962
9.37,-38.4986022704787
9.376,-38.479490260947
9.382,-38.4605350292996
9.388,-38.4417350877458
9.394,-38.4230889619117
9.4,-38.4045951908402
9.406,-38.3862523269837
9.412,-38.3680589361897
9.418,-38.3500135976807
9.424,-38.3321149040278
9.43,-38.3143614611191
9.436,-38.2967518881223
9.442,-38.2792848174431
9.448,-38.2619588946784
9.454,-38.244772778565
9.46,-38.2277251409252
9.466,-38.2108146666071
9.472,-38.1940400534226
9.478,-38.1774000120812
9.484,-38.1608932661212
9.49,-38.1445185518373
9.496,-38.1282746182062
9.502,-38.1121602268093
9.508,-38.0961741517529
9.514,-38.0803151795862
9.52,-38.0645821092177
9.526,-38.0489737518293
9.532,-38.0334889307887
9.538,-38.0181264815604
9.544,-38.0028852516151
9.55,-37.9877641003378
9.556,-37.9727618989347
9.562,-37.957877530339
9.568,-37.9431098891158
9.574,-37.9284578813659
9.58,-37.9139204246293
9.586,-37.8994964477872
9.592,-37.8851848909642
9.598,-37.8709847054297
9.604,-37.8568948534986
9.61,-37.8429143084323
9.616,-37.8290420543384
9.622,-37.8152770860715
9.628,-37.8016184091326
9.634,-37.7880650395691
9.64,-37.7746160038747
9.646,-37.7612703388893
9.652,-37.7480270916987
9.658,-37.7348853195349
9.664,-37.721844089676
9.67,-37.7089024793472
9.676,-37.6960595756208
9.682,-37.6833144753176
9.688,-37.6706662849082
9.694,-37.6581141204147
9.7,-37.6456571073126
9.706,-37.6332943804335
9.712,-37.6210250838681
9.718,-37.6088483708696
9.724,-37.5967634037575
9.73,-37.5847693538224
9.736,-37.572865401231
9.742,-37.5610507349317
9.748,-37.5493245525606
9.754,-37.5376860603488
9.76,-37.5261344730296
9.766,-37.5146690137468
9.772,-37.5032889139632
9.778,-37.4919934133702
9.784,-37.4807817597982
9.79,-37.469653209127
9.796,-37.4586070251976
9.802,-37.4476424797244
9.808,-37.4367588522082
9.814,-37.4259554298498
9.82,-37.4152315074647
9.826,-37.4045863873978
9.832,-37.3940193794398
9.838,-37.3835298007438
9.844,-37.3731169757423
9.85,-37.3627802360661
9.856,-37.3525189204627
9.862,-37.3423323747161
9.868,-37.3322199515675
9.874,-37.3221810106363
9.88,-37.3122149183422
9.886,-37.3023210478282
9.892,-37.2924987788837
9.898,-37.282747497869
9.904,-37.2730665976405
9.91,-37.2634554774764
9.916,-37.2539135430034
9.922,-37.2444402061238
9.928,-37.2350348849437
9.934,-37.2256970037023
9.94,-37.2164259927006
9.946,-37.2072212882327
9.952,-37.1980823325164
9.958,-37.1890085736249
9.964,-37.1799994654199
9.97,-37.1710544674845
9.976,-37.1621730450572
9.982,-37.1533546689671
9.988,-37.1445988155688
9.994,-37.1359049666792
10,-37.1272726095138
