"Freq [GHz]","dB(St(8,9)) []"
1,-6.66673825451628
1.006,-6.99435908312302
1.012,-7.33450345155759
1.018,-7.67725378562731
1.024,-8.01343846169053
1.03,-8.33649156105749
1.036,-8.5988703258455
1.042,-8.89907022235101
1.048,-9.14525793551881
1.054,-9.36027122317969
1.06,-9.54393053604894
1.066,-9.69036559992934
1.072,-9.89465783402301
1.078,-9.958636703042
1.084,-10.0358066748093
1.09,-10.0946741368568
1.096,-10.1351137171855
1.102,-10.1585978319562
1.108,-10.1668641393336
1.114,-10.1616717938497
1.12,-10.1447357308314
1.126,-10.1177257572168
1.132,-10.0823964336703
1.138,-10.0426809421084
1.144,-9.98443129363899
1.15,-9.93290255010268
1.156,-9.87569094498915
1.162,-9.81542886746816
1.168,-9.75320068981626
1.174,-9.6898481546999
1.18,-9.62608654739912
1.186,-9.56253271831671
1.192,-9.49971730549666
1.198,-9.43809289626422
1.204,-9.3780408978381
1.21,-9.31987790233335
1.216,-9.26386177451947
1.222,-9.210197510079
1.228,-9.1590428499549
1.234,-9.11051361591616
1.24,-9.06468872599983
1.246,-9.02161484105201
1.252,-8.98131056492352
1.258,-8.94377000771555
1.264,-8.90896502722133
1.27,-8.87684255786977
1.276,-8.84728056314502
1.282,-8.81814883049308
1.288,-8.79580051703586
1.294,-8.77365669073482
1.3,-8.75371888476822
1.306,-8.73592576044939
1.312,-8.72016925001312
1.318,-8.70633577607097
1.324,-8.69431277459118
1.33,-8.68399039762182
1.336,-8.67526208100906
1.342,-8.66802475187648
1.348,-8.66217889447861
1.354,-8.65762854942907
1.36,-8.65428127575257
1.366,-8.65204808796259
1.372,-8.65084337198453
1.378,-8.65058477702707
1.384,-8.65119307007759
1.39,-8.6525919148342
1.396,-8.65470746215891
1.402,-8.65746736290826
1.408,-8.66079746470473
1.414,-8.66460386536247
1.42,-8.66841402431817
1.426,-8.67415648753433
1.432,-8.67904738806468
1.438,-8.68436750721296
1.444,-8.68995166356972
1.45,-8.69573396766549
1.456,-8.70166236536799
1.462,-8.70768979102549
1.468,-8.71377215959303
1.474,-8.71986768806348
1.48,-8.72593658726472
1.486,-8.73194088303555
1.492,-8.73784429079234
1.498,-8.74361211542652
1.504,-8.74921116487388
1.51,-8.75460967203791
1.516,-8.75977722244711
1.522,-8.76468468626345
1.528,-8.76930415386355
1.534,-8.77360887452481
1.54,-8.77757319791493
1.546,-8.78117251817626
1.552,-8.78438322044943
1.558,-8.7871826297124
1.564,-8.78954900490917
1.57,-8.79138187601868
1.576,-8.79261377080955
1.582,-8.79322649446351
1.588,-8.79320311465621
1.594,-8.79252794528621
1.6,-8.79118654534644
1.606,-8.78916574295513
1.612,-8.7864536994923
1.618,-8.78304003642775
1.624,-8.77891605937201
1.63,-8.77407513274838
1.636,-8.76851328863627
1.642,-8.76223020217655
1.648,-8.75523074620783
1.654,-8.747527471685
1.66,-8.73914458611545
1.666,-8.73012438147341
1.672,-8.72053767056408
1.678,-8.71050056670181
1.684,-8.70019971733998
1.69,-8.68991869060822
1.696,-8.67998742383881
1.702,-8.67011370319748
1.708,-8.65514558924246
1.714,-8.6171122327348
1.72,-8.56994603941865
1.726,-8.54479917292088
1.732,-8.5283495285928
1.738,-8.51264069162685
1.744,-8.49619248045684
1.75,-8.47891508411642
1.756,-8.46091233966104
1.762,-8.44227331922778
1.768,-8.42305896295283
1.774,-8.40332644357916
1.78,-8.38315985438247
1.786,-8.36270255152373
1.792,-8.34219219704986
1.798,-8.32199617580547
1.804,-8.30262802019299
1.81,-8.28468261216397
1.816,-8.26856402002893
1.822,-8.25391122574036
1.828,-8.23904492496249
1.834,-8.2213884578211
1.84,-8.19911272351919
1.846,-8.17227956685023
1.852,-8.14227125501851
1.858,-8.11061918418842
1.864,-8.07835918455516
1.87,-8.04579219616266
1.876,-8.01208681100801
1.882,-7.97466357848925
1.888,-7.93048950836098
1.894,-7.88123821161502
1.9,-7.83291718183787
1.906,-7.78833555117876
1.912,-7.74662559988567
1.918,-7.70634515860112
1.924,-7.66655557139682
1.93,-7.62676227634896
1.936,-7.5867210528169
1.942,-7.54631506776616
1.948,-7.5054916879608
1.954,-7.46423149918548
1.96,-7.42253305821579
1.966,-7.38040518054459
1.972,-7.33786280841847
1.978,-7.29492447812667
1.984,-7.25161027219258
1.99,-7.20793946904213
1.996,-7.16392716067465
2.002,-7.11957907522313
2.008,-7.07488396346289
2.014,-7.0298036785934
2.02,-6.9842633241908
2.026,-6.93814822769959
2.032,-6.89131943924915
2.038,-6.84365791785129
2.044,-6.79512954854367
2.05,-6.74583376761369
2.056,-6.69599265438286
2.062,-6.64587989871155
2.068,-6.59573900863041
2.074,-6.54573866012751
2.08,-6.49597240957823
2.086,-6.44648173620492
2.092,-6.39728144462955
2.098,-6.34837797037596
2.104,-6.29977972170012
2.11,-6.25150175649798
2.116,-6.20356722800434
2.122,-6.15600727284653
2.128,-6.11004019814746
2.134,-6.06590598397544
2.14,-6.02255877984566
2.146,-5.98007609531449
2.152,-5.93854029473569
2.158,-5.89803874511675
2.164,-5.85866394239609
2.17,-5.82051361066968
2.176,-5.78369076824803
2.182,-5.74830375377161
2.188,-5.71446620496991
2.194,-5.68229698204081
2.2,-5.65192002707961
2.206,-5.6234641505331
2.212,-5.59706273533098
2.218,-5.57285334919568
2.224,-5.55097725569599
2.23,-5.53157881493464
2.236,-5.51480476538734
2.242,-5.50080337937704
2.248,-5.48972348599838
2.254,-5.48171335701192
2.26,-5.47691945329144
2.266,-5.47548503178918
2.272,-5.47754861560162
2.278,-5.48324233246247
2.284,-5.49269012970705
2.29,-5.50600587627676
2.296,-5.52329136449937
2.302,-5.54463422607913
2.308,-5.57010577797567
2.314,-5.5997588148778
2.32,-5.63362536636293
2.326,-5.67171443959235
2.332,-5.71400977402705
2.338,-5.76046764502105
2.344,-5.81101477008336
2.35,-5.86554639609181
2.356,-5.92392467677986
2.362,-5.98597748304385
2.368,-6.05149781547012
2.374,-6.12024399672213
2.38,-6.19194079801654
2.386,-6.26628159028608
2.392,-6.34293150888741
2.398,-6.42153149754861
2.404,-6.50170298198751
2.41,-6.58305284916589
2.416,-6.66517839780693
2.422,-6.74767198269644
2.428,-6.83012518032846
2.434,-6.91213242353098
2.44,-6.99329415440767
2.446,-7.07321960649742
2.452,-7.15152934328551
2.458,-7.22785765981042
2.464,-7.30185491283319
2.47,-7.37318979867721
2.476,-7.44155155791336
2.482,-7.50665205848846
2.488,-7.56822769489158
2.494,-7.62604103877254
2.5,-7.67988218302519
2.506,-7.72956973354193
2.512,-7.7749514179256
2.518,-7.81590429636989
2.524,-7.85233457528168
2.53,-7.88417703811539
2.536,-7.91139411978264
2.542,-7.93397466060643
2.548,-7.9519323829982
2.554,-7.96530413886655
2.56,-7.97414797833079
2.566,-7.97854109080108
2.572,-7.97857766814908
2.578,-7.97436673682003
2.584,-7.96603000164965
2.59,-7.9536997391737
2.596,-7.93751677267475
2.602,-7.9176285553981
2.608,-7.89418738254854
2.614,-7.8673487470742
2.62,-7.83726984902598
2.626,-7.80410826357836
2.632,-7.76802076869059
2.638,-7.72916232991765
2.644,-7.68768523705317
2.65,-7.64373838508049
2.656,-7.59746669028001
2.662,-7.54901063123434
2.668,-7.49850590382084
2.674,-7.44608317901624
2.68,-7.39186795238998
2.686,-7.33598047446721
2.692,-7.27853575163815
2.698,-7.21964360792545
2.704,-7.1594087986471
2.71,-7.09793116779339
2.716,-7.03530584173643
2.722,-6.97162345268936
2.728,-6.90697038610574
2.734,-6.84142904694576
2.74,-6.77507814042441
2.746,-6.70799296349079
2.752,-6.64024570386304
2.758,-6.57190574396027
2.764,-6.50303996752952
2.77,-6.43371306716557
2.776,-6.36398785126534
2.782,-6.29392554925011
2.788,-6.22358611413137
2.794,-6.15302852169182
2.8,-6.08231106570633
2.806,-6.01149164873996
2.812,-5.94062806813567
2.818,-5.86977829684298
2.824,-5.79900075874411
2.83,-5.72835459810566
2.836,-5.65789994272179
2.842,-5.58769816021804
2.848,-5.51781210684941
2.854,-5.44830636794741
2.86,-5.37924748893558
2.866,-5.31070419552453
2.872,-5.24274760128211
2.878,-5.17545140019433
2.884,-5.10889204098233
2.89,-5.043148878624
2.896,-4.97830429636436
2.902,-4.91444378771692
2.908,-4.85165598093135
2.914,-4.79003257448654
2.92,-4.72966812265767
2.926,-4.67065954260779
2.932,-4.61310504485546
2.938,-4.5571017128967
2.944,-4.50273941315885
2.95,-4.45008261164675
2.956,-4.39909936838986
2.962,-4.34921446305617
2.968,-4.28896455233729
2.974,-4.25848722360898
2.98,-4.22074999388723
2.986,-4.18174894236593
2.992,-4.14532331773942
2.998,-4.11172477161308
3.004,-4.0810899372678
3.01,-4.05354624233426
3.016,-4.02922029195056
3.022,-4.00823774946401
3.028,-3.99072227857182
3.034,-3.97679444973697
3.04,-3.96657070546706
3.046,-3.96016237602229
3.052,-3.9576747336382
3.058,-3.95920608141444
3.064,-3.96484687970228
3.07,-3.97467891708423
3.076,-3.98877453546715
3.082,-4.00719591996463
3.088,-4.02999446448764
3.094,-4.05721022351658
3.1,-4.08887145953701
3.106,-4.12499429419008
3.112,-4.16558246940704
3.118,-4.21062722274978
3.124,-4.26010727895217
3.13,-4.31398895733829
3.136,-4.37222639246971
3.142,-4.43476186313074
3.148,-4.50152622267691
3.154,-4.57243942191638
3.16,-4.64741111412504
3.166,-4.72634133055479
3.172,-4.80912121390951
3.178,-4.89563379674271
3.184,-4.98575481157235
3.19,-5.07935351968967
3.196,-5.17629354613151
3.202,-5.27643370904687
3.208,-5.37962883267171
3.214,-5.48573053428128
3.22,-5.59458797676316
3.226,-5.70604857979863
3.232,-5.8199586840066
3.238,-5.93616416375353
3.244,-6.05451098562813
3.25,-6.17484571079393
3.256,-6.29899487881329
3.262,-6.42520790557792
3.268,-6.55339089924104
3.274,-6.68345226944768
3.28,-6.8153031163619
3.286,-6.94885758237204
3.292,-7.08403316660168
3.298,-7.2207510027904
3.304,-7.35893610147438
3.31,-7.49851755769309
3.316,-7.63942872567732
3.322,-7.78160736214111
3.328,-7.92499573990999
3.334,-8.06954073367738
3.34,-8.21519387969511
3.346,-8.3619114111808
3.352,-8.50965427116831
3.358,-8.65838810444722
3.364,-8.80808323013465
3.37,-8.95871459630759
3.376,-9.11026171799779
3.382,-9.26270859972035
3.388,-9.41604364357531
3.394,-9.57025954383136
3.4,-9.72535316877679
3.406,-9.88132543050639
3.412,-10.0381811432074
3.418,-10.1959288704142
3.424,-10.3545807616221
3.43,-10.5141523785864
3.436,-10.6746625115865
3.442,-10.8361329859022
3.448,-10.9985884587397
3.454,-11.1620562068455
3.46,-11.3265659050751
3.466,-11.4921493962163
3.472,-11.65884045243
3.478,-11.8266745287397
3.484,-11.995688509088
3.49,-12.1659204455799
3.496,-12.3374092916378
3.502,-12.5101946299143
3.508,-12.6843163959318
3.514,-12.8598145985405
3.52,-13.0367290384142
3.526,-13.2150990259228
3.532,-13.3949630998321
3.538,-13.5763587483837
3.544,-13.7593221343929
3.55,-13.9438878260711
3.556,-14.1300885353223
3.562,-14.3179548652867
3.568,-14.5075150688945
3.574,-14.6987948201598
3.58,-14.8918169998757
3.586,-15.0866014972755
3.592,-15.2831650290946
3.598,-15.4815209773116
3.604,-15.6816792466572
3.61,-15.883646142771
3.616,-16.0874242716491
3.622,-16.2930124607747
3.628,-16.5004057020569
3.634,-16.7095951164294
3.64,-16.9205679396794
3.646,-17.1333075288051
3.652,-17.3477933879258
3.658,-17.564001212514
3.664,-17.7819029504768
3.67,-18.0014668783943
3.676,-18.2226576910267
3.682,-18.4454366020341
3.688,-18.6697614537154
3.694,-18.8955868334638
3.7,-19.1228641945641
3.706,-19.3515419789096
3.712,-19.5815657392105
3.718,-19.8128782582792
3.724,-20.0454196630278
3.73,-20.2791275308889
3.736,-20.5139369864667
3.742,-20.7497807863523
3.748,-20.9865893901741
3.754,-21.2242910161214
3.76,-21.4628116793541
3.766,-21.7020752119062
3.772,-21.9420032629012
3.778,-22.1825152781193
3.784,-22.4235284581958
3.79,-22.6649576949827
3.796,-22.9067154858765
3.802,-23.1487118262042
3.808,-23.3908540800691
3.814,-23.6330468303932
3.82,-23.8751917092512
3.826,-24.1171872099858
3.832,-24.3589284830145
3.838,-24.6003071177033
3.844,-24.8412109131787
3.85,-25.0815236414929
3.856,-25.3211248071376
3.862,-25.5598894075234
3.868,-25.7976876997001
3.874,-26.03438497928
3.88,-26.2698413782362
3.886,-26.5039116889626
3.892,-26.7364452226868
3.898,-26.967285710998
3.904,-27.1962712598586
3.91,-27.4232343659808
3.916,-27.6480020058186
3.922,-27.8703958076191
3.928,-28.0902323169324
3.934,-28.3073233656491
3.94,-28.5214765539686
3.946,-28.7324958536382
3.952,-28.9401823393059
3.958,-29.1443350528579
3.964,-29.3447520031432
3.97,-29.5412313005242
3.976,-29.7335724222539
3.982,-29.9215776008254
3.988,-30.1050533232512
3.994,-30.2838119248337
4,-30.4576732565399
4.006,-30.6264664007803
4.012,-30.7900314064322
4.018,-30.9482210105568
4.024,-31.1009023116756
4.03,-31.2479583579004
4.036,-31.3892896128311
4.042,-31.5248152630788
4.048,-31.6544743336036
4.054,-31.7782265807618
4.06,-31.8960531379524
4.066,-32.0079568948565
4.072,-32.1139625982357
4.078,-32.2141166697896
4.084,-32.308486744324
4.09,-32.3971609390902
4.096,-32.480246872277
4.102,-32.5578704549481
4.108,-32.6301744859641
4.114,-32.69731708342
4.12,-32.7594699887513
4.126,-32.8168167808941
4.132,-32.8695510377699
4.138,-32.9178744810259
4.144,-32.9619951375623
4.15,-33.0021255481293
4.156,-33.0384810494005
4.162,-33.0712781516564
4.168,-33.1007330297564
4.174,-33.1270601406398
4.18,-33.1504709763299
4.186,-33.1711729574684
4.192,-33.1893684688541
4.198,-33.2052540353831
4.204,-33.219019634197
4.21,-33.2308481367648
4.216,-33.2409148730176
4.222,-33.2493873085066
4.228,-33.2564248248021
4.234,-33.2621785929612
4.24,-33.2667915297936
4.246,-33.2703983268095
4.252,-33.2731255420784
4.258,-33.2750917457203
4.264,-33.2764077103545
4.27,-33.277176638493
4.276,-33.2774944195802
4.282,-33.277449910094
4.288,-33.277125230841
4.294,-33.2765960762682
4.3,-33.2759320312706
4.306,-33.2751968915909
4.312,-33.2744489844783
4.318,-33.2737414867917
4.324,-33.273122738206
4.33,-33.2726365476013
4.336,-33.2723224910898
4.342,-33.2722162004642
4.348,-33.2723496411407
4.354,-33.2727513789182
4.36,-33.2734468350895
4.366,-33.2744585296222
4.372,-33.2758063122832
4.378,-33.2775075817039
4.384,-33.2795774924965
4.39,-33.2820291506109
4.396,-33.2848737971966
4.402,-33.2881209812861
4.408,-33.2917787216588
4.414,-33.2958536582743
4.42,-33.3003511936886
4.426,-33.3052756248782
4.432,-33.3106302659055
4.438,-33.3164175618615
4.444,-33.3226391945198
4.45,-33.3292961801284
4.456,-33.33638895976
4.462,-33.3439174826278
4.468,-33.3518812827626
4.474,-33.3602795494331
4.48,-33.369111191676
4.486,-33.3783748972862
4.492,-33.3880691866039
4.498,-33.398192461417
4.504,-33.4087430492824
4.51,-33.4197192435536
4.516,-33.431119339388
4.522,-33.4429416659894
4.528,-33.45518461533
4.534,-33.4678466675788
4.54,-33.4809264134531
4.546,-33.4944225736942
4.552,-33.5083340158578
4.558,-33.5226597685968
4.564,-33.537399033604
4.57,-33.5525511953719
4.576,-33.5681158289158
4.582,-33.5840927055981
4.588,-33.6004817971836
4.594,-33.6172832782461
4.6,-33.6344975270401
4.606,-33.6521251249444
4.612,-33.6701668545778
4.618,-33.6886236966804
4.624,-33.7074968258499
4.63,-33.7267876052159
4.636,-33.746497580132
4.642,-33.7666284709589
4.648,-33.7871821650107
4.654,-33.8081607077311
4.66,-33.8295662931631
4.666,-33.8514012537739
4.672,-33.8736680496937
4.678,-33.8963692574233
4.684,-33.9195075580663
4.69,-33.9430857251361
4.696,-33.96710661199
4.702,-33.9915731389372
4.708,-34.0164882800696
4.714,-34.0418550498614
4.72,-34.0676764895813
4.726,-34.0939556535634
4.732,-34.1206955953776
4.738,-34.1478993539432
4.744,-34.1755699396261
4.75,-34.2037103203608
4.756,-34.232323407836
4.762,-34.2614120437828
4.768,-34.2909789864046
4.774,-34.3210268969841
4.78,-34.3515583267053
4.786,-34.3825757037243
4.792,-34.4140813205255
4.798,-34.4460773215941
4.804,-34.4785656914387
4.81,-34.5115482429952
4.816,-34.5450266064404
4.822,-34.579002218446
4.828,-34.6134763118976
4.834,-34.6484499061067
4.84,-34.6839237975376
4.846,-34.7198985510729
4.852,-34.7563744918378
4.858,-34.7933516976021
4.864,-34.8308299917757
4.87,-34.8688089370145
4.876,-34.9072878294481
4.882,-34.9462656935402
4.888,-34.9857412775914
4.894,-35.0257130498901
4.9,-35.0661791955168
4.906,-35.1071376138029
4.912,-35.1485859164453
4.918,-35.1905214262751
4.924,-35.232941176674
4.93,-35.2758419116354
4.936,-35.3192200864596
4.942,-35.363071869073
4.948,-35.407393141961
4.954,-35.4521795046976
4.96,-35.497426277059
4.966,-35.5431285027009
4.972,-35.5892809533825
4.978,-35.6358781337151
4.984,-35.6829142864145
4.99,-35.7303833980334
4.996,-35.7782792051498
5.002,-35.8265952009854
5.008,-35.8753246424295
5.014,-35.924460557439
5.02,-35.97399575279
5.026,-36.02392282215
5.032,-36.0742341544455
5.038,-36.1249219424934
5.044,-36.1759781918707
5.05,-36.2273947299914
5.056,-36.2791632153641
5.062,-36.3312751470011
5.068,-36.3837218739522
5.074,-36.4364946049354
5.08,-36.4895844180379
5.086,-36.5429822704625
5.092,-36.5966790082928
5.098,-36.650665376254
5.104,-36.7049320274455
5.11,-36.7594695330228
5.116,-36.8142683918078
5.122,-36.8693190398062
5.128,-36.9246118596137
5.134,-36.9801371896925
5.14,-37.0358853335009
5.146,-37.0918465684607
5.152,-37.1480111547472
5.158,-37.2043693438886
5.164,-37.2609113871628
5.17,-37.3176275437797
5.176,-37.37450808884
5.182,-37.4315433210606
5.188,-37.4887235702599
5.194,-37.546039204595
5.2,-37.6034806375465
5.206,-37.6610383346456
5.212,-37.7187028199394
5.218,-37.7764646821927
5.224,-37.8343145808237
5.23,-37.8922432515723
5.236,-37.9502415119016
5.242,-38.008300266133
5.248,-38.0664105103152
5.254,-38.1245633368303
5.26,-38.182749938738
5.266,-38.2409616138633
5.272,-38.2991897686282
5.278,-38.357425921634
5.284,-38.4156617069978
5.29,-38.4738888774478
5.296,-38.5320993071831
5.302,-38.5902849945031
5.308,-38.6484380642128
5.314,-38.7065507698102
5.32,-38.7646154954608
5.326,-38.822624757767
5.332,-38.8805712073386
5.338,-38.9384476301706
5.344,-38.9962469488348
5.35,-39.0539622234935
5.356,-39.11158665274
5.362,-39.1691135742745
5.368,-39.2265364654204
5.374,-39.2838489434893
5.38,-39.3410447660012
5.386,-39.3981178307644
5.392,-39.4550621758251
5.398,-39.5118719792895
5.404,-39.5685415590277
5.41,-39.6250653722632
5.416,-39.6814380150554
5.422,-39.7376542216806
5.428,-39.7937088639174
5.434,-39.8495969502409
5.44,-39.9053136249336
5.446,-39.960854167115
5.452,-40.0162139896982
5.458,-40.0713886382754
5.464,-40.1263737899402
5.47,-40.1811652520476
5.476,-40.2357589609202
5.482,-40.2901509805007
5.488,-40.3443375009582
5.494,-40.3983148372502
5.5,-40.4520794276445
5.506,-40.4935143071379
5.512,-40.5338005376613
5.518,-40.5728593358952
5.524,-40.6106146389045
5.53,-40.6469933363971
5.536,-40.681925481548
5.542,-40.7153444799231
5.548,-40.7471872562584
5.554,-40.7773943990555
5.56,-40.8059102831453
5.566,-40.8326831705439
5.572,-40.8576652900831
5.578,-40.880812896432
5.584,-40.9020863092489
5.59,-40.9214499333044
5.596,-40.9388722605019
5.602,-40.9543258547922
5.608,-40.9677873210321
5.614,-40.9792372588778
5.62,-40.9886602028324
5.626,-40.996044549578
5.632,-41.0013824737327
5.638,-41.0046698331615
5.644,-41.0059060649601
5.65,-41.0050940732068
5.656,-41.0022401095497
5.662,-40.9973536476612
5.668,-40.990447252555
5.674,-40.9815364457151
5.68,-40.9706395669421
5.686,-40.9577776337718
5.692,-40.9429741992733
5.698,-40.9262552089766
5.704,-40.9076488576347
5.71,-40.8871854464641
5.716,-40.8648972414615
5.722,-40.8408183333386
5.728,-40.8149844995663
5.734,-40.7874330689706
5.74,-40.7582027892721
5.746,-40.7273336979144
5.752,-40.694866996482
5.758,-40.6608449289643
5.764,-40.6253106640805
5.77,-40.5883081818427
5.776,-40.5498821644951
5.782,-40.5100778919364
5.788,-40.4689411416953
5.794,-40.4265180935039
5.8,-40.3828552384842
5.806,-40.3379992929361
5.812,-40.2919971166956
5.818,-40.2448956360097
5.824,-40.1967417708542
5.83,-40.1475823666081
5.836,-40.0974641299797
5.842,-40.0464335690707
5.848,-39.9945369374506
5.854,-39.9418201821079
5.86,-39.888328895135
5.866,-39.8341082689992
5.872,-39.7792030552475
5.878,-39.7236575264905
5.884,-39.6675154415077
5.89,-39.6108200133178
5.896,-39.5536138800563
5.902,-39.4959390785049
5.908,-39.4378370201197
5.914,-39.3793484694076
5.92,-39.3205135245032
5.926,-39.2613715998058
5.932,-39.2019614105351
5.938,-39.1423209590766
5.944,-39.0824875229862
5.95,-39.0224976445339
5.956,-38.96238712167
5.962,-38.9021910003052
5.968,-38.8419435678003
5.974,-38.7816783475685
5.98,-38.7214280947
5.986,-38.6612247925238
5.992,-38.6010996500284
5.998,-38.5410831000707
6.004,-38.4812047983041
6.01,-38.4214936227683
6.016,-38.3619776740856
6.022,-38.3026842762124
6.028,-38.2436399777065
6.034,-38.1848705534666
6.04,-38.1264010069146
6.046,-38.068255572588
6.052,-38.0104577191199
6.058,-37.9530301525846
6.064,-37.8959948201921
6.07,-37.8393729143183
6.076,-37.7831848768599
6.082,-37.7274504039085
6.088,-37.6721884507378
6.094,-37.6174172371025
6.1,-37.5631542528509
6.106,-37.5094162638501
6.112,-37.4562193182322
6.118,-37.4035787529631
6.124,-37.3515092007443
6.13,-37.3000245972532
6.136,-37.2491381887332
6.142,-37.1988625399411
6.148,-37.1492095424654
6.154,-37.1001904234229
6.16,-37.0518157545482
6.166,-37.0040954616857
6.172,-36.9570388346969
6.178,-36.9106545377954
6.184,-36.8649506203208
6.19,-36.8199345279654
6.196,-36.7756131144654
6.202,-36.7319926537701
6.208,-36.6890788527021
6.214,-36.6468768641242
6.22,-36.6053913006249
6.226,-36.5646262487412
6.232,-36.5245852837343
6.238,-36.485271484937
6.244,-36.4466874516938
6.25,-36.4088353199165
6.256,-36.3717167792823
6.262,-36.3353330911023
6.268,-36.2996851068967
6.274,-36.2647732877135
6.28,-36.2305977242373
6.286,-36.1971581577402
6.292,-36.1644540019341
6.298,-36.1324843657958
6.304,-36.1012480774459
6.31,-36.0707437091758
6.316,-36.0409696037338
6.322,-36.0119239019974
6.328,-35.983604572181
6.334,-35.9560094407531
6.34,-35.9291362252636
6.346,-35.9029825693173
6.352,-35.8775460799672
6.358,-35.8528243678474
6.364,-35.8288150904197
6.37,-35.8055159987686
6.376,-35.7829249884595
6.382,-35.7610401550555
6.388,-35.7398598550013
6.394,-35.719382772701
6.4,-35.699607994769
6.406,-35.6805350926118
6.412,-35.6621642147109
6.418,-35.6444961902391
6.424,-35.6275326459518
6.43,-35.6112761386799
6.436,-35.5957303062114
6.442,-35.5809000399186
6.448,-35.5667916831875
6.454,-35.5534132605661
6.46,-35.5407747436205
6.466,-35.5288883608189
6.472,-35.5177689604328
6.478,-35.5074344375416
6.484,-35.4979062388811
6.49,-35.4892099626462
6.496,-35.4813760746662
6.502,-35.4744407679067
6.508,-35.4684469994062
6.514,-35.4634457480582
6.52,-35.4594975488202
6.526,-35.456674374957
6.532,-35.4550619611627
6.538,-35.4547626887398
6.544,-35.4558991920666
6.55,-35.4586188970351
6.556,-35.4630997721712
6.562,-35.4695576690608
6.568,-35.4782557608518
6.574,-35.4895167705558
6.58,-35.503738935092
6.586,-35.5214170046775
6.592,-35.5431700679335
6.598,-35.5697786679924
6.604,-35.6022345842924
6.61,-35.6418078286532
6.616,-35.6901367829513
6.622,-35.7493486542045
6.628,-35.8222174573301
6.634,-35.9123625521003
6.64,-36.0244746151909
6.646,-36.1645088425387
6.652,-36.3396632587674
6.658,-36.557671735074
6.664,-36.824339625682
6.67,-37.1372966372589
6.676,-37.4736251509632
6.682,-37.7738240522251
6.688,-37.9416541136277
6.694,-37.8923719770263
6.7,-37.6276003622744
6.706,-37.2391056694397
6.712,-36.8323846108121
6.718,-36.4709030619672
6.724,-36.1753223629844
6.73,-35.9430118879759
6.736,-35.7632074574178
6.742,-35.6243268957905
6.748,-35.516513763069
6.754,-35.4320912380754
6.76,-35.3652991961345
6.766,-35.3118761336152
6.772,-35.2686766362171
6.778,-35.2333700265853
6.784,-35.2042168177129
6.79,-35.17990709394
6.796,-35.1594447620422
6.802,-35.1420647295767
6.808,-35.127173419422
6.814,-35.1143057711415
6.82,-35.1030939156032
6.826,-35.0932441579309
6.832,-35.0845199150567
6.838,-35.0767289547671
6.844,-35.0697137681454
6.85,-35.0633442440497
6.856,-35.05751204927
6.862,-35.0521262830921
6.868,-35.0471100918108
6.874,-35.0423980120374
6.88,-35.0379338715142
6.886,-35.0336691195227
6.892,-35.0295614906412
6.898,-35.0255739289017
6.904,-35.0216737166687
6.91,-35.0178317654564
6.916,-35.0140220355943
6.922,-35.0102210589889
6.928,-35.0064075448253
6.934,-35.0025620523334
6.94,-34.9986667180549
6.946,-34.9947050276115
6.952,-34.9906616239757
6.958,-34.9865221458167
6.964,-34.9822730907327
6.97,-34.9779016991585
6.976,-34.9733958555232
6.982,-34.968744003853
6.988,-34.9639350755186
6.994,-34.9589584272311
7,-34.9538037877168
7.006,-34.9484612117713
7.012,-34.9429210406064
7.018,-34.9371738675871
7.024,-34.9312105085977
7.03,-34.9250219764011
7.036,-34.918599458453
7.042,-34.911934297716
7.048,-34.9050179760909
7.054,-34.8978421001354
7.06,-34.8903983887931
7.066,-34.8826786628945
7.072,-34.8746748362255
7.078,-34.8663789079894
7.084,-34.8577829565113
7.09,-34.8488791340547
7.096,-34.8396596626384
7.102,-34.8301168307568
7.108,-34.8202429909163
7.114,-34.8100305579177
7.12,-34.7994720078156
7.126,-34.7885598775009
7.132,-34.7772867648546
7.138,-34.7656453294285
7.144,-34.7536282936135
7.15,-34.7412284442589
7.156,-34.728438634712
7.162,-34.7152517872477
7.168,-34.7016608958617
7.174,-34.6876590294037
7.18,-34.6732393350262
7.186,-34.6583950419298
7.192,-34.6431194653829
7.198,-34.6274060109978
7.204,-34.6112481792457
7.21,-34.5946395701909
7.216,-34.5775738884292
7.222,-34.560044948213
7.228,-34.5420466787454
7.234,-34.5235731296298
7.24,-34.5046184764556
7.246,-34.4851770265064
7.252,-34.4652432245732
7.258,-34.4448116588563
7.264,-34.4238770669407
7.27,-34.402434341828
7.276,-34.3804785380078
7.282,-34.3580048775531
7.288,-34.3350087562226
7.294,-34.3114857495529
7.3,-34.2874316189245
7.306,-34.2628423175839
7.312,-34.2377139966062
7.318,-34.2120430107798
7.324,-34.1858259243982
7.33,-34.1590595169408
7.336,-34.1317407886268
7.342,-34.1038669658264
7.348,-34.075435506312
7.354,-34.046444104335
7.36,-34.0168906955113
7.366,-33.986773461502
7.372,-33.9560908344733
7.378,-33.9248415013222
7.384,-33.8930244076546
7.39,-33.860638761502
7.396,-33.8276840367659
7.402,-33.7941599763764
7.408,-33.760066595156
7.414,-33.7254041823773
7.42,-33.6901733040058
7.426,-33.65437480462
7.432,-33.6180098089995
7.438,-33.5810797233776
7.444,-33.5435862363496
7.45,-33.5055313194346
7.456,-33.4669172272862
7.462,-33.4277464975495
7.468,-33.3880219503639
7.474,-33.3477466875094
7.48,-33.306924091199
7.486,-33.2655578225169
7.492,-33.223651819507
7.498,-33.181210294913
7.504,-33.1382377335768
7.51,-33.0947388894992
7.516,-33.05071878257
7.522,-33.0061826949749
7.528,-32.9611361672862
7.534,-32.9155849942481
7.54,-32.8695352202649
7.546,-32.8229931346023
7.552,-32.7759652663143
7.558,-32.7284583789061
7.564,-32.6804794647456
7.57,-32.6320357392362
7.576,-32.5831346347645
7.582,-32.5337837944355
7.588,-32.4839910656103
7.594,-32.4337644932592
7.6,-32.3831123131457
7.606,-32.332042944855
7.612,-32.2805649846823
7.618,-32.2286871983943
7.624,-32.1764185138804
7.63,-32.1237680137058
7.636,-32.070744927583
7.642,-32.0173586247746
7.648,-31.9636186064412
7.654,-31.9095344979499
7.66,-31.8551160411543
7.666,-31.8003730866613
7.672,-31.7453155860962
7.678,-31.6899535843787
7.684,-31.6342972120216
7.69,-31.5783566774643
7.696,-31.522142259451
7.702,-31.4656642994646
7.708,-31.408933194227
7.714,-31.3519593882731
7.72,-31.2947533666106
7.726,-31.2373256474705
7.732,-31.1796867751592
7.738,-31.1218473130172
7.744,-31.0638178364926
7.75,-31.0056089263351
7.756,-30.947231161916
7.762,-30.88869511468
7.768,-30.8300113417332
7.774,-30.7711903795704
7.78,-30.7122427379484
7.786,-30.6531788939042
7.792,-30.5940092859255
7.798,-30.534744308272
7.804,-30.4753943054519
7.81,-30.4159695668541
7.816,-30.3564803215377
7.822,-30.2969367331788
7.828,-30.2373488951767
7.834,-30.1777268259177
7.84,-30.118080464198
7.846,-30.0584196648043
7.852,-29.9987541942518
7.858,-29.9390937266792
7.864,-29.879447839898
7.87,-29.8198260115973
7.876,-29.7602376156996
7.882,-29.7006919188692
7.888,-29.6411980771685
7.894,-29.5817651328624
7.9,-29.5224020113672
7.906,-29.4631175183436
7.912,-29.4039203369297
7.918,-29.3448190251132
7.924,-29.2858220132403
7.93,-29.2269376016578
7.936,-29.1681739584876
7.942,-29.1095391175302
7.948,-29.0510409762947
7.954,-28.992687294154
7.96,-28.9344856906211
7.966,-28.8764436437456
7.972,-28.8185684886276
7.978,-28.7608674160454
7.984,-28.7033474711969
7.99,-28.6460155525507
7.996,-28.588878410805
8.002,-28.5319426479525
8.008,-28.4752147164485
8.014,-28.4187009184809
8.02,-28.3624074053386
8.026,-28.306340176878
8.032,-28.2505050810839
8.038,-28.1949078137241
8.044,-28.1395539180946
8.05,-28.0844487848551
8.056,-28.0295976519505
8.062,-27.9750056046194
8.068,-27.9206775754856
8.074,-27.8666183447319
8.08,-27.8128325403537
8.086,-27.7593246384922
8.092,-27.7060989638436
8.098,-27.6531596901437
8.104,-27.6005108407264
8.11,-27.5481562891538
8.116,-27.4960997599171
8.122,-27.4443448292058
8.128,-27.3928949257443
8.134,-27.3417533316938
8.14,-27.2909231836189
8.146,-27.2404074735158
8.152,-27.1902090499017
8.158,-27.1403306189639
8.164,-27.0907747457655
8.17,-27.0415438555085
8.176,-26.9926402348505
8.182,-26.9440660332745
8.188,-26.8958232645107
8.194,-26.8479138080063
8.2,-26.8003394104455
8.206,-26.7531016873142
8.212,-26.7062021245104
8.218,-26.6596420799968
8.224,-26.6134227854961
8.23,-26.5675453482245
8.236,-26.5220107526644
8.242,-26.4768198623727
8.248,-26.4319734218237
8.254,-26.3874720582854
8.26,-26.3433162837259
8.266,-26.2995064967497
8.272,-26.2560429845619
8.278,-26.212925924957
8.284,-26.1701553883334
8.29,-26.1277313397282
8.296,-26.0856536408741
8.302,-26.0439220522741
8.308,-26.0025362352935
8.314,-25.9614957542668
8.32,-25.9208000786182
8.326,-25.8804485849936
8.332,-25.8404405594027
8.338,-25.8007751993695
8.344,-25.7614516160884
8.35,-25.7224688365861
8.356,-25.6838258058864
8.362,-25.6455213891759
8.368,-25.6075543739703
8.374,-25.5699234722784
8.38,-25.5326273227633
8.386,-25.4956644928982
8.392,-25.4590334811161
8.398,-25.4227327189517
8.404,-25.3867605731737
8.41,-25.3511153479067
8.416,-25.3157952867408
8.422,-25.2807985748278
8.428,-25.2461233409626
8.434,-25.2117676596488
8.44,-25.1777295531467
8.446,-25.1440069935036
8.452,-25.1105979045635
8.458,-25.0775001639575
8.464,-25.0447116050715
8.47,-25.0122300189916
8.476,-24.9800531564264
8.482,-24.9481787296041
8.488,-24.9166044141445
8.494,-24.8853278509052
8.5,-24.8543466478005
8.506,-24.8236583815927
8.512,-24.7932605996553
8.518,-24.7631508217073
8.524,-24.733326541518
8.53,-24.7037852285816
8.536,-24.6745243297615
8.542,-24.6455412709039
8.548,-24.6168334584197
8.554,-24.5883982808347
8.56,-24.5602331103085
8.566,-24.5323353041204
8.572,-24.5047022061233
8.578,-24.4773311481649
8.584,-24.4502194514759
8.59,-24.423364428026
8.596,-24.3967633818458
8.602,-24.3704136103173
8.608,-24.3443124054296
8.614,-24.3184570550035
8.62,-24.2928448438819
8.626,-24.2674730550882
8.632,-24.2423389709518
8.638,-24.217439874201
8.644,-24.1927730490242
8.65,-24.1683357820986
8.656,-24.1441253635867
8.662,-24.1201390881028
8.668,-24.0963742556461
8.674,-24.072828172505
8.68,-24.049498152129
8.686,-24.0263815159717
8.692,-24.0034755943031
8.698,-23.9807777269929
8.704,-23.9582852642644
8.71,-23.9359955674197
8.716,-23.913906009537
8.722,-23.8920139761397
8.728,-23.8703168658388
8.734,-23.8488120909472
8.74,-23.8274970780689
8.746,-23.8063692686616
8.752,-23.785426119574
8.758,-23.764665103558
8.764,-23.7440837097568
8.77,-23.7236794441686
8.776,-23.7034498300874
8.782,-23.6833924085203
8.788,-23.663504738583
8.794,-23.6437843978731
8.8,-23.6242289828215
8.806,-23.6048361090243
8.812,-23.585603411553
8.818,-23.5665285452455
8.824,-23.5476091849776
8.83,-23.5288430259164
8.836,-23.5102277837538
8.842,-23.4917611949242
8.848,-23.4734410168031
8.854,-23.4552650278902
8.86,-23.4372310279758
8.866,-23.4193368382908
8.872,-23.4015803016422
8.878,-23.3839592825334
8.884,-23.3664716672701
8.89,-23.349115364052
8.896,-23.3318883030517
8.902,-23.3147884364798
8.908,-23.297813738638
8.914,-23.2809622059598
8.92,-23.2642318570395
8.926,-23.2476207326497
8.932,-23.2311268957486
8.938,-23.2147484314758
8.944,-23.198483447139
8.95,-23.18233007219
8.956,-23.1662864581926
8.962,-23.1503507787803
8.968,-23.1345212296063
8.974,-23.1187960282849
8.98,-23.1031734143251
8.986,-23.0876516490564
8.992,-23.0722290155482
8.998,-23.0569038185211
9.004,-23.0416743842528
9.01,-23.0265390604769
9.016,-23.0114962162762
9.022,-22.9965442419702
9.028,-22.981681548997
9.034,-22.9669065697908
9.04,-22.9522177576534
9.046,-22.9376135866221
9.052,-22.9230925513329
9.058,-22.9086531668797
9.064,-22.8942939686694
9.07,-22.8800135122739
9.076,-22.8658103732779
9.082,-22.8516831471244
9.088,-22.8376304489569
9.094,-22.8236509134583
9.1,-22.8097431946882
9.106,-22.7959059659171
9.112,-22.7821379194587
9.118,-22.7684377665001
9.124,-22.7548042369299
9.13,-22.7412360791656
9.136,-22.7277320599779
9.142,-22.7142909643152
9.148,-22.7009115951257
9.154,-22.6875927731792
9.16,-22.6743333368876
9.166,-22.6611321421244
9.172,-22.6479880620442
9.178,-22.6348999869008
9.184,-22.6218668238653
9.19,-22.6088874968443
9.196,-22.5959609462968
9.202,-22.5830861290517
9.208,-22.5702620181255
9.214,-22.5574876025395
9.22,-22.5447618871371
9.226,-22.5320838924021
9.232,-22.5194526542767
9.238,-22.5068672239798
9.244,-22.4943266678266
9.25,-22.4818300670476
9.256,-22.4693765176092
9.262,-22.4569651300346
9.268,-22.4445950292254
9.274,-22.4322653542838
9.28,-22.4199752583366
9.286,-22.4077239083588
9.292,-22.395510484999
9.298,-22.383334182406
9.304,-22.3711942080555
9.31,-22.3590897825788
9.316,-22.3470201395923
9.322,-22.3349845255283
9.328,-22.3229821994665
9.334,-22.3110124329677
9.34,-22.2990745099076
9.346,-22.287167726313
9.352,-22.2752913901988
9.358,-22.2634448214059
9.364,-22.2516273514416
9.37,-22.2398383233202
9.376,-22.228077091406
9.382,-22.2163430212571
9.388,-22.2046354894706
9.394,-22.19295388353
9.4,-22.181297601653
9.406,-22.1696660526419
9.412,-22.1580586557345
9.418,-22.1464748404572
9.424,-22.134914046479
9.43,-22.1233757234681
9.436,-22.1118593309483
9.442,-22.1003643381588
9.448,-22.0888902239141
9.454,-22.0774364764661
9.46,-22.0660025933677
9.466,-22.0545880813378
9.472,-22.0431924561279
9.478,-22.03181524239
9.484,-22.0204559735464
9.49,-22.0091141916609
9.496,-21.9977894473114
9.502,-21.9864812994639
9.508,-21.9751893153488
9.514,-21.9639130703374
9.52,-21.9526521478209
9.526,-21.9414061390909
9.532,-21.9301746432208
9.538,-21.9189572669488
9.544,-21.9077536245631
9.55,-21.8965633377875
9.556,-21.8853860356694
9.562,-21.8742213544684
9.568,-21.8630689375471
9.574,-21.8519284352629
9.58,-21.8407995048611
9.586,-21.8296818103702
9.592,-21.8185750224971
9.598,-21.8074788185255
9.604,-21.7963928822142
9.61,-21.7853169036975
9.616,-21.7742505793869
9.622,-21.7631936118738
9.628,-21.752145709834
9.634,-21.741106587933
9.64,-21.7300759667332
9.646,-21.7190535726018
9.652,-21.7080391376201
9.658,-21.6970323994948
9.664,-21.6860331014694
9.67,-21.6750409922375
9.676,-21.6640558258575
9.682,-21.653077361668
9.688,-21.6421053642045
9.694,-21.6311396031181
9.7,-21.6201798530937
9.706,-21.6092258937713
9.712,-21.598277509667
9.718,-21.5873344900959
9.724,-21.5763966290956
9.73,-21.5654637253515
9.736,-21.5545355821225
9.742,-21.543612007168
9.748,-21.5326928126764
9.754,-21.5217778151941
9.76,-21.5108668355556
9.766,-21.4999596988152
9.772,-21.489056234179
9.778,-21.478156274938
9.784,-21.4672596584033
9.79,-21.4563662258401
9.796,-21.4454758224053
9.802,-21.4345882970838
9.808,-21.423703502627
9.814,-21.4128212954919
9.82,-21.4019415357811
9.826,-21.3910640871839
9.832,-21.3801888169178
9.838,-21.3693155956716
9.844,-21.3584442975486
9.85,-21.3475748000115
9.856,-21.3367069838273
9.862,-21.3258407330139
9.868,-21.3149759347865
9.874,-21.3041124795059
9.88,-21.2932502606269
9.886,-21.2823891746476
9.892,-21.2715291210598
9.898,-21.2606700022998
9.904,-21.2498117237001
9.91,-21.238954193442
9.916,-21.2280973225085
9.922,-21.2172410246388
9.928,-21.2063852162822
9.934,-21.1955298165541
9.94,-21.1846747471918
9.946,-21.1738199325111
9.952,-21.1629652993642
9.958,-21.1521107770972
9.964,-21.1412562975093
9.97,-21.1304017948121
9.976,-21.1195472055895
9.982,-21.1086924687587
9.988,-21.0978375255311
9.994,-21.0869823193746
10,-21.0761267959757
