"Freq [GHz]","dB(St(1,9)) []"
1,-24.5166357766545
1.006,-7.68615146744038
1.012,2.33418853889237
1.018,-0.575029781854282
1.024,-2.46003917823333
1.03,-3.54188264441501
1.036,-4.22734244465869
1.042,-4.69583169139411
1.048,-5.03234824914937
1.054,-5.28182384722851
1.06,-5.47018949897366
1.066,-5.61346832354753
1.072,-5.72211056723257
1.078,-5.80323534149629
1.084,-5.86186904047824
1.09,-5.90166769118061
1.096,-5.92535784559078
1.102,-5.93501622404003
1.108,-5.93225302672156
1.114,-5.9183355815294
1.12,-5.89427385986179
1.126,-5.86088093932731
1.132,-5.81881659826618
1.138,-5.76861930157476
1.144,-5.71073003835533
1.15,-5.64551033724109
1.156,-5.57325605305308
1.162,-5.49420803612803
1.168,-5.40856047194629
1.174,-5.3164674577158
1.18,-5.21804822939744
1.186,-5.11339134501638
1.192,-5.00255805354842
1.198,-4.88558502367662
1.204,-4.76248656692158
1.21,-4.63325646075823
1.216,-4.49786945641509
1.222,-4.35628254110479
1.228,-4.20843601410089
1.234,-4.05425442944916
1.24,-3.89364745461792
1.246,-3.72651069374551
1.252,-3.55272652624553
1.258,-3.37216501648843
1.264,-3.18468495838721
1.27,-2.99013513047076
1.276,-2.78835585314802
1.282,-8.85212431241338
1.288,-9.10365928069129
1.294,-9.3473993793487
1.3,-9.57836522179304
1.306,-9.79687505446661
1.312,-10.0033181018972
1.318,-10.1980501035953
1.324,-10.3813693706473
1.33,-10.5534766295882
1.336,-10.7143284861653
1.342,-10.8628933770797
1.348,-10.9887272968965
1.354,-11.1886161914929
1.36,-11.2853249172597
1.366,-11.3974889511028
1.372,-11.5054583828942
1.378,-11.6085478654026
1.384,-11.7078044133171
1.39,-11.8049565746652
1.396,-11.9021755823075
1.402,-12.0017389014455
1.408,-12.1047825351817
1.414,-12.2043446579997
1.42,-12.1508042796362
1.426,-12.4198690529968
1.432,-12.559919477291
1.438,-12.701590106067
1.444,-12.8574009656761
1.45,-13.0311302634293
1.456,-13.2261381628651
1.462,-13.4422439837019
1.468,-13.6845784571901
1.474,-13.9536932277618
1.48,-14.251040188243
1.486,-14.5773988489696
1.492,-14.9071943870281
1.498,-15.321608176391
1.504,-15.7359760376329
1.51,-16.1780643922657
1.516,-16.64572642476
1.522,-17.1364875378758
1.528,-17.6484290738687
1.534,-18.1759581361493
1.54,-18.7174450944917
1.546,-19.2770743215493
1.552,-19.8312708708712
1.558,-20.3928025515572
1.564,-20.9539707910225
1.57,-21.5111190458805
1.576,-22.0590309356853
1.582,-22.5938949394388
1.588,-23.1119314685315
1.594,-23.6094431522067
1.6,-24.0828822951722
1.606,-24.5289327938804
1.612,-24.9445994230936
1.618,-25.3272887360218
1.624,-25.6748218618732
1.63,-25.9844034553746
1.636,-26.2630984598061
1.642,-26.4984518240024
1.648,-26.697576209214
1.654,-26.860550365248
1.66,-26.9885887273352
1.666,-27.083309174536
1.672,-27.1465553416409
1.678,-27.1802365150713
1.684,-27.1860854280496
1.69,-27.1650029398205
1.696,-27.1134220005476
1.702,-26.8972716330093
1.708,-27.0427131681872
1.714,-26.9268889823928
1.72,-26.811336876523
1.726,-26.6858384471227
1.732,-26.549880701314
1.738,-26.4042302575618
1.744,-26.2499098635011
1.75,-26.0879450382043
1.756,-25.9192295962922
1.762,-25.7442374410275
1.768,-25.5610019711826
1.774,-25.4876708910357
1.78,-25.2146841328012
1.786,-25.0244588576387
1.792,-24.8355371071966
1.798,-24.6465906256493
1.804,-24.4577580825258
1.81,-24.269397265623
1.816,-24.0818955979548
1.822,-23.8956251298584
1.828,-23.7109346212468
1.834,-23.5281731003759
1.84,-23.3479775142945
1.846,-23.1669588700814
1.852,-22.9922230568307
1.858,-22.8192101918392
1.864,-22.6489376105687
1.87,-22.4815976503947
1.876,-22.3173050703624
1.882,-22.1561431335175
1.888,-21.9981739121659
1.894,-21.8434425958304
1.9,-21.6919801692189
1.906,-21.5438054628484
1.912,-21.3989268780231
1.918,-21.2573438973481
1.924,-21.1190484296514
1.93,-20.9840260141868
1.936,-20.852256897247
1.942,-20.7237169848773
1.948,-20.5983786606204
1.954,-20.476211421269
1.96,-20.3571821715781
1.966,-20.2412545807443
1.972,-20.1283845570182
1.978,-20.01848668112
1.984,-19.9081274391863
1.99,-19.8083859024429
1.996,-19.7074040719844
2.002,-19.6094320731913
2.008,-19.5143758237196
2.014,-19.4221988002717
2.02,-19.332876014492
2.026,-19.2463881277782
2.032,-19.1627204685938
2.038,-19.0818637252838
2.044,-19.003818233964
2.05,-18.9286313881775
2.056,-18.8554145346738
2.062,-18.7861973529838
2.068,-18.7193628270357
2.074,-18.6553172940695
2.08,-18.5940979034534
2.086,-18.5357304235965
2.092,-18.4802418629924
2.098,-18.4276625680277
2.104,-18.3780267316934
2.11,-18.3313724927841
2.116,-18.2877418798173
2.122,-18.2471806708806
2.128,-18.2098570937753
2.134,-18.1757143519373
2.14,-18.1446913993959
2.146,-18.1168874864356
2.152,-18.0923987700611
2.158,-18.0713192153322
2.164,-18.0537422226978
2.17,-18.0397642097371
2.176,-18.0294944665686
2.182,-18.0230912329144
2.188,-18.0209748868786
2.194,-18.0298502339035
2.2,-18.0223828328432
2.206,-18.0328162785473
2.212,-18.0461917798398
2.218,-18.0633987563698
2.224,-18.0844247632237
2.23,-18.0982456159673
2.236,-18.1420051558336
2.242,-18.1756941758851
2.248,-18.2141158640821
2.254,-18.2570102053392
2.26,-18.3043471417923
2.266,-18.355935759752
2.272,-18.4122861553518
2.278,-18.4729062288844
2.284,-18.5379278867352
2.29,-18.6073357492619
2.296,-18.6811625943308
2.302,-18.7579929269264
2.308,-18.8409387505374
2.314,-18.9273421925249
2.32,-19.0177831672503
2.326,-19.112281763386
2.332,-19.2113907606953
2.338,-19.3077510869904
2.344,-19.4156394535352
2.35,-19.5246465241269
2.356,-19.6366793773923
2.362,-19.7518435590212
2.368,-19.8710387434168
2.374,-19.9855854709821
2.38,-20.1103165756883
2.386,-20.2354456855205
2.392,-20.3622870389892
2.398,-20.490772808643
2.404,-20.6207284075861
2.41,-20.7493582013782
2.416,-20.885564678679
2.422,-21.0194547211154
2.428,-21.1539601842598
2.434,-21.2892987262515
2.44,-21.4253931304766
2.446,-21.562106328879
2.452,-21.6993078090326
2.458,-21.8369415638025
2.464,-21.9752387486507
2.47,-22.1160676410293
2.476,-22.3508303728823
2.482,-22.3665864366249
2.488,-22.5064511814138
2.494,-22.6409752319072
2.5,-22.7729530613339
2.506,-22.9026117723318
2.512,-23.0297041110915
2.518,-23.153697728576
2.524,-23.2736084368223
2.53,-23.3872871604514
2.536,-23.4882599981369
2.542,-23.5392310646517
2.548,-24.2839395901463
2.554,-23.9676584169505
2.56,-24.0376935191987
2.566,-24.127824605355
2.572,-24.2209499168603
2.578,-24.3130402757431
2.584,-24.402589700951
2.59,-24.4888718535533
2.596,-24.5714751184915
2.602,-24.6501421255204
2.608,-24.7247044136597
2.614,-24.7950525727405
2.62,-24.861121340117
2.626,-24.9228815654406
2.632,-24.9803355076947
2.638,-25.0335137876879
2.644,-25.0824731493718
2.65,-25.1272945833153
2.656,-25.1680815717512
2.662,-25.2049583274377
2.668,-25.2380679637527
2.674,-25.2675705727765
2.68,-25.2936412125316
2.686,-25.3164678197541
2.692,-25.2960676053615
2.698,-25.2635224913194
2.704,-25.2326959670844
2.71,-25.2034334636176
2.716,-25.175569867701
2.722,-25.1489307840695
2.728,-25.1233338538574
2.734,-25.0985900988615
2.74,-25.0745052602086
2.746,-25.0508810995661
2.752,-25.0275166308641
2.758,-25.0042092503755
2.764,-24.9807557326429
2.77,-24.9569530587767
2.776,-24.9325990416414
2.782,-24.9074927088242
2.788,-24.8814343983115
2.794,-24.8542255125075
2.8,-24.8256678622826
2.806,-24.7955625122847
2.812,-24.7637080091575
2.818,-24.7298978318488
2.824,-24.6939168424719
2.83,-24.655536429484
2.836,-24.6145079112787
2.842,-24.5705535923296
2.848,-24.5233546153695
2.854,-24.472534407226
2.86,-24.4176360508565
2.866,-24.3580913355575
2.872,-24.293178638678
2.878,-24.2219665524437
2.884,-24.1432414332679
2.89,-24.0554229685132
2.896,-23.9564905723297
2.902,-23.8439945850211
2.908,-23.715351618295
2.914,-23.5688859573133
2.92,-23.4064541293528
2.926,-23.2383399396059
2.932,-23.0881782076869
2.938,-22.9884968569664
2.944,-22.9586853604695
2.95,-22.984973166316
2.956,-23.0322206508292
2.962,-23.0710027447774
2.968,-23.0881625165
2.974,-23.0820762353285
2.98,-23.0558936417196
2.986,-23.013717613913
2.992,-22.9591711488256
2.998,-22.8950827302908
3.004,-22.8235602255059
3.01,-22.7461529192341
3.016,-22.6640026324771
3.022,-22.5779611324645
3.028,-22.4886753662765
3.034,-22.3966476957683
3.04,-22.3022781185444
3.046,-22.2058939035338
3.052,-22.1077705319025
3.058,-22.0081466387468
3.064,-21.9072347981275
3.07,-21.8052294070932
3.076,-21.702312526355
3.082,-21.5986582663996
3.088,-21.4944361257574
3.094,-21.3898135641201
3.1,-21.2849580078295
3.106,-21.1800384262004
3.112,-21.0752265757599
3.118,-20.9706979801678
3.124,-20.8666326925693
3.13,-20.7632158719275
3.136,-20.660638193766
3.142,-20.5590961076007
3.148,-20.4587919473645
3.154,-20.3599338968204
3.16,-20.2627358089696
3.166,-20.1674168765699
3.172,-20.074201149944
3.178,-19.9833168981902
3.184,-19.8949958106535
3.19,-19.8094720370399
3.196,-19.7269810668161
3.202,-19.6477584514944
3.208,-19.5720383769857
3.214,-19.5000520973213
3.22,-19.4320262455684
3.226,-19.368181042532
3.232,-19.3087284286416
3.238,-19.2538701490385
3.244,-19.2037958260461
3.25,-19.158681056658
3.256,-19.070772783476
3.262,-18.9837666198291
3.268,-18.8976908110636
3.274,-18.8125751674032
3.28,-18.7284512944683
3.286,-18.6453528401706
3.292,-18.5633157576609
3.298,-18.4823785837973
3.304,-18.4025827323691
3.31,-18.3239728010452
3.316,-18.2465968907184
3.322,-18.1705069355824
3.328,-18.0957590419052
3.334,-18.0224138330543
3.34,-17.9505367978711
3.346,-17.8801986390007
3.352,-17.8114756172487
3.358,-17.7444498874624
3.364,-17.6792098208303
3.37,-17.6158503078641
3.376,-17.5544730356815
3.382,-17.4951867325652
3.388,-17.4381073721448
3.394,-17.3833583289671
3.4,-17.3310704767011
3.406,-17.2813822198128
3.412,-17.2344394492738
3.418,-17.1903954127753
3.424,-17.1494104900583
3.43,-17.1116518643883
3.436,-17.077293081935
3.442,-17.0465134919284
3.448,-17.0194975619715
3.454,-16.9964340648347
3.46,-16.9775151354502
3.466,-16.962935199656
3.472,-16.9528897794835
3.478,-16.9475741833769
3.484,-16.9471820935994
3.49,-16.9519040670851
3.496,-16.9619259700103
3.502,-16.9774273701867
3.508,-16.9985799148425
3.514,-17.0255457242506
3.52,-17.0584758337755
3.526,-17.0975087180724
3.532,-17.1427689312218
3.538,-17.1943658954172
3.544,-17.2523928684011
3.55,-17.3169261161805
3.556,-17.3880243127499
3.562,-17.4657281827633
3.568,-17.5500603965679
3.574,-17.6410257200097
3.58,-17.7386114142639
3.586,-17.8427878739498
3.592,-17.9535094852796
3.598,-18.0707156802352
3.604,-18.1943321580096
3.61,-18.3242722413481
3.616,-18.4604383330869
3.622,-18.6027234371321
3.628,-18.751012708313
3.634,-18.9051849968734
3.64,-19.0651143556942
3.646,-19.2306714814745
3.652,-19.4017250648529
3.658,-19.5781430286103
3.664,-19.7597936374737
3.67,-19.9465464674558
3.676,-20.1382732269668
3.682,-20.3348484259994
3.688,-20.5361498934216
3.694,-20.7420591457427
3.7,-20.9524616136146
3.706,-21.1672467347699
3.712,-21.3863079240768
3.718,-21.6095424329349
3.724,-21.83685111135
3.73,-22.0681380867631
3.736,-22.3033103740809
3.742,-22.542277431412
3.748,-22.7849506757845
3.754,-23.0312429726374
3.76,-23.2810681121826
3.766,-23.5343402848447
3.772,-23.7909735669466
3.778,-24.0508814266347
3.784,-24.3139762587722
3.79,-24.5801689561882
3.796,-24.8493685232871
3.802,-25.121481736631
3.808,-25.3964128557199
3.814,-25.6740633858527
3.82,-25.9543318936709
3.826,-26.2371138747889
3.832,-26.5223016718299
3.838,-26.8097844402178
3.844,-27.0994481582455
3.85,-27.3911756772593
3.856,-27.6848468072619
3.862,-27.9803384328604
3.868,-28.2775246542525
3.874,-28.5762769478564
3.88,-28.8764643412393
3.886,-29.1779535971649
3.892,-29.4806094018611
3.898,-29.7842945529739
3.904,-30.0888701431256
3.91,-30.394195735498
3.916,-30.7001295284169
3.922,-31.0065285064955
3.928,-31.3132485764937
3.934,-31.6201446866554
3.94,-31.9270709288837
3.946,-32.2338806236961
3.952,-32.540426388466
3.958,-32.8465601899877
3.964,-33.1521333829031
3.97,-33.4569967359957
3.976,-33.7610004487795
3.982,-34.0639941611972
3.988,-34.3658269595835
3.994,-34.666347382344
4,-34.9654034290492
4.006,-35.2628425768405
4.012,-35.5585118081893
4.018,-35.8522576541358
4.024,-36.1439262571577
4.03,-36.4333634577734
4.036,-36.7204149088673
4.042,-37.004926221523
4.048,-37.286743145868
4.054,-37.5657117900532
4.06,-37.8416788800189
4.066,-38.1144920621225
4.072,-38.3840002500288
4.078,-38.6500540164879
4.084,-38.9125060297541
4.09,-39.1712115334447
4.096,-39.4260288676038
4.102,-39.676820027655
4.108,-39.9234512568068
4.114,-40.1657936663523
4.12,-40.4037238772082
4.126,-40.6371246750059
4.132,-40.8658856701099
4.138,-41.0899039531432
4.144,-41.3090847359764
4.15,-41.5233419677284
4.156,-41.7325989151512
4.162,-41.9367886968673
4.168,-42.1358547612971
4.174,-42.3297512987699
4.18,-42.5184435792389
4.186,-42.7019082082134
4.192,-42.8801332949372
4.198,-43.0531185284494
4.204,-43.2208751589124
4.21,-43.3834258834237
4.216,-43.5408046373853
4.222,-43.6930562943276
4.228,-43.8402362788139
4.234,-43.9824100986276
4.24,-44.1196528038337
4.246,-44.2520483814524
4.252,-44.3796890953763
4.258,-44.5026747817772
4.264,-44.6211121105829
4.27,-44.7351138236707
4.276,-44.8447979602265
4.282,-44.9502870793007
4.288,-45.0517074889633
4.294,-45.1491884906798
4.3,-45.2428616466125
4.306,-45.3328600765565
4.312,-45.4193177901677
4.318,-45.5023690590749
4.324,-45.5821478324217
4.33,-45.6587871983684
4.336,-45.7324188931441
4.342,-45.8031728583671
4.348,-45.8711768465748
4.354,-45.9365560742257
4.36,-45.9994329208522
4.366,-46.0599266725662
4.372,-46.1181533077314
4.378,-46.1742253223242
4.384,-46.2282515922948
4.39,-46.280337270104
4.396,-46.3305837125434
4.402,-46.3790884369348
4.408,-46.4259451028411
4.414,-46.4712435164976
4.42,-46.5150696552808
4.426,-46.5575057096632
4.432,-46.5986301402537
4.438,-46.6385177476835
4.444,-46.6772397532666
4.45,-46.7148638885378
4.456,-46.7514544919359
4.462,-46.7870726110744
4.468,-46.8217761091972
4.474,-46.8556197745744
4.48,-46.8886554317374
4.486,-46.9209320535889
4.492,-46.9524958735493
4.498,-46.9833904970189
4.504,-47.0136570115379
4.51,-47.0433340951281
4.516,-47.0724581223811
4.522,-47.1010632679418
4.528,-47.1291816071002
4.534,-47.1568432132716
4.54,-47.1840762521932
4.546,-47.2109070727198
4.552,-47.2373602941359
4.558,-47.2634588899422
4.564,-47.2892242681019
4.57,-47.31467634776
4.576,-47.3398336324704
4.582,-47.3647132799831
4.588,-47.3893311686593
4.594,-47.4137019605953
4.6,-47.4378391615449
4.606,-47.461755177737
4.612,-47.4854613696924
4.618,-47.5089681031471
4.624,-47.5322847971911
4.63,-47.5554199697349
4.636,-47.5783812804161
4.642,-47.6011755710557
4.648,-47.6238089037766
4.654,-47.646286596893
4.66,-47.6686132586754
4.666,-47.6907928190987
4.672,-47.7128285596727
4.678,-47.7347231414549
4.684,-47.75647863134
4.69,-47.7780965267205
4.696,-47.7995777786054
4.702,-47.8209228132849
4.708,-47.8421315526218
4.714,-47.8632034330507
4.72,-47.8841374233609
4.726,-47.9049320413354
4.732,-47.9255853693176
4.738,-47.9460950687718
4.744,-47.9664583939035
4.75,-47.9866722043998
4.756,-48.0067329773517
4.762,-48.0266368184121
4.768,-48.0463794722481
4.774,-48.0659563323367
4.78,-48.0853624501568
4.786,-48.104592543825
4.792,-48.1236410062223
4.798,-48.1425019126568
4.804,-48.1611690281061
4.81,-48.1796358140807
4.816,-48.1978954351499
4.822,-48.2159407651687
4.828,-48.2337643932447
4.834,-48.2513586294799
4.84,-48.2687155105259
4.846,-48.2858268049846
4.852,-48.3026840186904
4.858,-48.3192783999049
4.864,-48.3356009444573
4.87,-48.351642400861
4.876,-48.3673932754368
4.882,-48.3828438374727
4.888,-48.3979841244479
4.894,-48.4128039473502
4.9,-48.427292896113
4.906,-48.4414403451988
4.912,-48.4552354593549
4.918,-48.4686671995649
4.924,-48.4817243292217
4.93,-48.4943954205436
4.936,-48.5066688612557
4.942,-48.5185328615588
4.948,-48.5299754614044
4.954,-48.5409845380954
4.96,-48.5515478142305
4.966,-48.5616528660087
4.972,-48.5712871319084
4.978,-48.5804379217563
4.984,-48.5890924261974
4.99,-48.5972377265764
4.996,-48.6048608052417
5.002,-48.6119485562771
5.008,-48.6184877966673
5.014,-48.6244652779021
5.02,-48.6298676980192
5.026,-48.6346817140854
5.032,-48.6388939551146
5.038,-48.6424910354156
5.044,-48.6454595683645
5.05,-48.6477861805902
5.056,-48.6494575265611
5.062,-48.6504603035595
5.068,-48.6507812670247
5.074,-48.6504072462452
5.08,-48.649325160379
5.086,-48.6475220347748
5.092,-48.6449850175677
5.098,-48.6417013965194
5.104,-48.6376586160691
5.11,-48.632844294561
5.116,-48.6272462416104
5.122,-48.6208524755695
5.128,-48.6136512410501
5.134,-48.60563102646
5.14,-48.5967805815087
5.146,-48.5870889346327
5.152,-48.5765454102947
5.158,-48.5651396461061
5.164,-48.5528616097207
5.17,-48.5397016154515
5.176,-48.525650340555
5.182,-48.5106988411356
5.188,-48.4948385676137
5.194,-48.4780613797108
5.2,-48.4603595608975
5.206,-48.4417258322569
5.212,-48.4221533657154
5.218,-48.4016357965935
5.224,-48.3801672354326
5.23,-48.3577422790566
5.236,-48.3343560208267
5.242,-48.3100040600551
5.248,-48.2846825105419
5.254,-48.2583880082056
5.26,-48.2311177177808
5.266,-48.2028693385595
5.272,-48.1736411091568
5.278,-48.1434318112858
5.284,-48.112240772532
5.29,-48.0800678681177
5.296,-48.0469135216577
5.302,-48.0127787049049
5.308,-47.9776649364939
5.314,-47.9415742796928
5.32,-47.9045093391779
5.326,-47.86647325685
5.332,-47.8274697067157
5.338,-47.7875028888595
5.344,-47.746577522539
5.35,-47.7046988384345
5.356,-47.6618725700925
5.362,-47.6181049446017
5.368,-47.573402672545
5.374,-47.5277729372728
5.38,-47.4812233835446
5.386,-47.4337621055886
5.392,-47.3853976346311
5.398,-47.336138925945
5.404,-47.2859953454747
5.41,-47.2349766560873
5.416,-47.1830930035063
5.422,-47.1303549019819
5.428,-47.076773219751
5.434,-47.022359164341
5.44,-46.9671242677695
5.446,-46.9110803716924
5.452,-46.8542396125501
5.458,-46.7966144067611
5.464,-46.7382174360098
5.47,-46.6790616326751
5.476,-46.6191601654422
5.482,-46.5585264251397
5.488,-46.4971740108404
5.494,-46.4351167162639
5.5,-46.3723685165142
5.506,-46.3970295199609
5.512,-46.4207195124788
5.518,-46.4434288811136
5.524,-46.4651486658257
5.53,-46.4858705803375
5.536,-46.5055870316163
5.542,-46.5242911378999
5.548,-46.5419767451745
5.554,-46.558638442024
5.56,-46.5742715727755
5.566,-46.588872248875
5.572,-46.6024373584332
5.578,-46.6149645738928
5.584,-46.6264523577775
5.59,-46.6368999664916
5.596,-46.6463074521488
5.602,-46.6546756624216
5.608,-46.6620062384103
5.614,-46.668301610541
5.62,-46.6735649925143
5.626,-46.6778003733335
5.632,-46.6810125074535
5.638,-46.683206903099
5.644,-46.6843898088094
5.65,-46.6845681982798
5.656,-46.6837497535689
5.662,-46.6819428467581
5.668,-46.67915652015
5.674,-46.675400465097
5.68,-46.6706849995655
5.686,-46.6650210445308
5.692,-46.6584200993181
5.698,-46.6508942159907
5.704,-46.6424559729039
5.71,-46.6331184475325
5.716,-46.6228951886857
5.722,-46.6118001882229
5.728,-46.5998478523779
5.734,-46.5870529728063
5.74,-46.5734306974563
5.746,-46.5589965013725
5.752,-46.5437661575266
5.758,-46.5277557077768
5.764,-46.5109814340436
5.77,-46.4934598297886
5.776,-46.4752075718799
5.782,-46.4562414929177
5.788,-46.436578554091
5.794,-46.4162358186309
5.8,-46.3952304259187
5.806,-46.3735795662991
5.812,-46.3513004566513
5.818,-46.3284103167516
5.824,-46.3049263464707
5.83,-46.2808657038278
5.836,-46.2562454839333
5.842,-46.2310826988333
5.848,-46.2053942582737
5.854,-46.1791969513918
5.86,-46.1525074293412
5.866,-46.1253421888492
5.872,-46.0977175567046
5.878,-46.0696496751696
5.884,-46.041154488302
5.89,-46.0122477291789
5.896,-45.9829449080009
5.902,-45.9532613010622
5.908,-45.9232119405606
5.914,-45.8928116052293
5.92,-45.8620748117612
5.926,-45.8310158070017
5.932,-45.799648560882
5.938,-45.7679867600631
5.944,-45.736043802262
5.95,-45.7038327912291
5.956,-45.6713665323475
5.962,-45.6386575288217
5.968,-45.6057179784245
5.974,-45.5725597707745
5.98,-45.5391944851087
5.986,-45.5056333885232
5.992,-45.4718874346502
5.998,-45.4379672627422
6.004,-45.4038831971355
6.01,-45.3696452470619
6.016,-45.3352631067841
6.022,-45.3007461560253
6.028,-45.2661034606694
6.034,-45.2313437737036
6.04,-45.1964755363836
6.046,-45.1615068795915
6.052,-45.1264456253701
6.058,-45.0912992886092
6.064,-45.0560750788617
6.07,-45.0207799022743
6.076,-44.9854203636078
6.082,-44.9500027683351
6.088,-44.9145331247962
6.094,-44.879017146394
6.1,-44.8434602538187
6.106,-44.8078675772815
6.112,-44.7722439587499
6.118,-44.7365939541649
6.124,-44.7009218356352
6.13,-44.6652315935905
6.136,-44.6295269388891
6.142,-44.5938113048646
6.148,-44.5580878493075
6.154,-44.5223594563686
6.16,-44.4866287383799
6.166,-44.4508980375839
6.172,-44.4151694277641
6.178,-44.3794447157725
6.184,-44.3437254429465
6.19,-44.308012886411
6.196,-44.2723080602614
6.202,-44.2366117166224
6.208,-44.2009243465805
6.214,-44.1652461809851
6.22,-44.1295771911168
6.226,-44.093917089221
6.232,-44.0582653289031
6.238,-44.0226211053859
6.244,-43.9869833556266
6.25,-43.9513507582928
6.256,-43.9157217335994
6.262,-43.8800944430037
6.268,-43.8444667887603
6.274,-43.8088364133376
6.28,-43.773200698696
6.286,-43.7375567654296
6.292,-43.701901471775
6.298,-43.6662314124866
6.304,-43.6305429175865
6.31,-43.5948320509851
6.316,-43.5590946089837
6.322,-43.5233261186581
6.328,-43.4875218361301
6.334,-43.4516767447318
6.34,-43.415785553068
6.346,-43.379842692983
6.352,-43.3438423174392
6.358,-43.3077782983132
6.364,-43.2716442241191
6.37,-43.2354333976652
6.376,-43.199138833655
6.382,-43.1627532562419
6.388,-43.1262690965459
6.394,-43.0896784901457
6.4,-43.0529732745565
6.406,-43.0161449867052
6.412,-42.9791848604186
6.418,-42.942083823935
6.424,-42.9048324974555
6.43,-42.8674211907525
6.436,-42.8298399008451
6.442,-42.7920783097671
6.448,-42.7541257824378
6.454,-42.7159713646586
6.46,-42.6776037812531
6.466,-42.6390114343715
6.472,-42.600182401982
6.478,-42.5611044365667
6.484,-42.5217649640519
6.49,-42.4821510829893
6.496,-42.4422495640174
6.502,-42.4020468496282
6.508,-42.3615290542614
6.514,-42.3206819647583
6.52,-42.2794910411984
6.526,-42.2379414181504
6.532,-42.1960179063632
6.538,-42.1537049949282
6.544,-42.1109868539429
6.55,-42.0678473377031
6.556,-42.0242699884572
6.562,-41.9802380407516
6.568,-41.9357344263973
6.574,-41.8907417800888
6.58,-41.8452424457051
6.586,-41.7992184833239
6.592,-41.7526516769763
6.598,-41.7055235431729
6.604,-41.6578153402277
6.61,-41.6095080784076
6.616,-41.5605825309344
6.622,-41.5110192458611
6.628,-41.4607985588489
6.634,-41.4099006068636
6.64,-41.3583053428136
6.646,-41.3059925511446
6.652,-41.2529418644084
6.658,-41.1991327808177
6.664,-41.1445446827984
6.67,-41.0891568565468
6.676,-41.0329485125966
6.682,-40.9758988073997
6.688,-40.9179868659179
6.694,-40.8591918052238
6.7,-40.7994927591044
6.706,-40.7388689036554
6.712,-40.6772994838582
6.718,-40.6147638411191
6.724,-40.5512414417573
6.73,-40.4867119064175
6.736,-40.4211550403868
6.742,-40.354550864789
6.748,-40.2868796486319
6.754,-40.2181219416761
6.76,-40.1482586081018
6.766,-40.0772708609386
6.772,-40.0051402972343
6.778,-39.9318489339321
6.784,-39.857379244431
6.79,-39.7817141958046
6.796,-39.7048372866589
6.802,-39.6267325856103
6.808,-39.5473847703747
6.814,-39.4667791674595
6.82,-39.3849017924616
6.826,-39.3017393909787
6.832,-39.2172794801549
6.838,-39.1315103908869
6.844,-39.0444213107316
6.85,-38.9560023275681
6.856,-38.8662444740789
6.862,-38.7751397731335
6.868,-38.6826812841671
6.874,-38.5888631506722
6.88,-38.4936806489311
6.886,-38.3971302381412
6.892,-38.2992096121013
6.898,-38.1999177526502
6.904,-38.0992549850669
6.91,-37.9972230356661
6.916,-37.8938250918407
6.922,-37.789065864828
6.928,-37.6829516554967
6.934,-37.57549042347
6.94,-37.4666918599261
6.946,-37.35656746443
6.952,-37.2451306261727
6.958,-37.132396710007
6.964,-37.0183831476817
6.97,-36.9031095346872
6.976,-36.7865977331273
6.982,-36.6688719810375
6.988,-36.549959008558
6.994,-36.4298881613643
7,-36.3086915317314
7.006,-36.1864040975799
7.012,-36.0630638698119
7.018,-35.9387120481868
7.024,-35.8133931859195
7.03,-35.6871553630976
7.036,-35.5600503689048
7.042,-35.4321338925141
7.048,-35.3034657223585
7.054,-35.174109953309
7.06,-35.0441352010786
7.066,-34.9136148229297
7.072,-34.7826271434825
7.078,-34.6512556841059
7.084,-34.5195893940157
7.09,-34.3877228808078
7.096,-34.25575663771
7.102,-34.1237972643602
7.108,-33.9919576773889
7.114,-33.8603573065355
7.12,-33.7291222714336
7.126,-33.5983855335997
7.132,-33.4682870175407
7.138,-33.3389736942916
7.144,-33.2105996201158
7.15,-33.0833259225743
7.156,-32.9573207257274
7.162,-32.8327590059064
7.168,-32.7098223693174
7.174,-32.5886987427638
7.18,-32.4695819690373
7.186,-32.3526712990718
7.192,-32.2381707738335
7.198,-32.1262884901576
7.204,-32.0172357463858
7.21,-31.9112260657096
7.216,-31.8084740976063
7.222,-31.709194400627
7.228,-31.6136001130465
7.234,-31.521901521417
7.24,-31.4343045408143
7.246,-31.3510091243755
7.252,-31.2722076234783
7.258,-31.1980831234047
7.264,-31.1288077824083
7.27,-31.0645412045508
7.276,-31.0054288783323
7.282,-30.9516007138289
7.288,-30.9031697106733
7.294,-30.8602307876662
7.3,-30.8228598020987
7.306,-30.7911127830242
7.312,-30.7650253978712
7.318,-30.744612666108
7.324,-30.7298689273876
7.33,-30.7207680649867
7.336,-30.7172639787037
7.342,-30.7192912949891
7.348,-30.7267662962219
7.354,-30.7395880459758
7.36,-30.7576396830099
7.366,-30.7807898537163
7.372,-30.8088942509244
7.378,-30.8417972262875
7.384,-30.879333443916
7.39,-30.9213295443464
7.396,-30.9676057902067
7.402,-31.0179776678684
7.408,-31.072257422792
7.414,-31.1302555099693
7.42,-31.1917819446834
7.426,-31.256647542582
7.432,-31.3246650416609
7.438,-31.395650102081
7.444,-31.4694221827228
7.45,-31.5458052959632
7.456,-31.6246286443233
7.462,-31.7057271443862
7.468,-31.7889418447188
7.474,-31.8741202455077
7.48,-31.961116528241
7.486,-32.0497917041068
7.492,-32.1400136898607
7.498,-32.2316573197904
7.504,-32.3246043021194
7.51,-32.4187431277774
7.516,-32.513968938964
7.522,-32.6101833643672
7.528,-32.7072943273043
7.534,-32.8052158324414
7.54,-32.9038677361428
7.546,-33.0031755049153
7.552,-33.103069965851
7.558,-33.2034870524451
7.564,-33.3043675486789
7.57,-33.4056568338112
7.576,-33.5073046299161
7.582,-33.6092647538417
7.588,-33.7114948749432
7.594,-33.8139562796559
7.6,-33.9166136437286
7.606,-34.0194348127186
7.612,-34.1223905911674
7.618,-34.2254545407163
7.624,-34.3286027872872
7.63,-34.4318138373466
7.636,-34.5350684031729
7.642,-34.6383492369775
7.648,-34.7416409736676
7.654,-34.8449299819898
7.66,-34.9482042237622
7.666,-35.0514531208689
7.672,-35.1546674296789
7.678,-35.2578391225325
7.684,-35.360961275937
7.69,-35.4640279651078
7.696,-35.567034164494
7.702,-35.6699756539321
7.708,-35.7728489300781
7.714,-35.8756511227787
7.72,-35.9783799160492
7.726,-36.0810334733425
7.732,-36.1836103668
7.738,-36.2861095101928
7.744,-36.3885300952719
7.75,-36.4908715312594
7.756,-36.5931333872273
7.762,-36.6953153371214
7.768,-36.7974171072037
7.774,-36.8994384256949
7.78,-37.0013789744147
7.786,-37.1032383422283
7.792,-37.2050159801182
7.798,-37.3067111577128
7.804,-37.4083229211136
7.81,-37.5098500518745
7.816,-37.611291026996
7.822,-37.7126439798075
7.828,-37.8139066616219
7.834,-37.9150764040554
7.84,-38.0161500819157
7.846,-38.1171240765721
7.852,-38.217994239729
7.858,-38.3187558575362
7.864,-38.4194036149778
7.87,-38.5199315604925
7.876,-38.6203330707873
7.882,-38.720600815818
7.888,-38.8207267239212
7.894,-38.9207019470918
7.9,-39.0205168264145
7.906,-39.1201608576672
7.912,-39.2196226571297
7.918,-39.3188899276407
7.924,-39.4179494249651
7.93,-39.5167869245436
7.936,-39.6153871887134
7.942,-39.7137339345064
7.948,-39.811809802145
7.954,-39.9095963243761
7.96,-40.0070738967976
7.966,-40.1042217493563
7.972,-40.2010179192078
7.978,-40.2974392251565
7.984,-40.3934612439063
7.99,-40.489058288378
7.996,-40.5842033883682
8.002,-40.6788682738414
8.008,-40.7730233611726
8.014,-40.8666377426707
8.02,-40.9596791797345
8.026,-41.0521141000083
8.032,-41.1439075989207
8.038,-41.2350234459989
8.044,-41.3254240963667
8.05,-41.4150707078357
8.056,-41.5039231640069
8.062,-41.5919401037956
8.068,-41.6790789577895
8.074,-41.7652959918358
8.08,-41.85054635824
8.086,-41.9347841549301
8.092,-42.0179624929143
8.098,-42.1000335723182
8.104,-42.180948767243
8.11,-42.2606587196313
8.116,-42.3391134422629
8.122,-42.416262430933
8.128,-42.4920547857829
8.134,-42.566439341667
8.14,-42.6393648073421
8.146,-42.7107799131624
8.152,-42.7806335668546
8.158,-42.8488750168339
8.164,-42.915454022402
8.17,-42.9803210300522
8.176,-43.0434273549841
8.182,-43.1047253668165
8.188,-43.164168678373
8.194,-43.2217123363095
8.2,-43.2773130122572
8.206,-43.3309291930709
8.212,-43.382521368702
8.218,-43.4320522161632
8.224,-43.4794867780173
8.23,-43.5247926338092
8.236,-43.5679400628698
8.242,-43.6089021969502
8.248,-43.6476551612033
8.254,-43.6841782021069
8.26,-43.7184538010279
8.266,-43.7504677722496
8.272,-43.7802093444335
8.278,-43.807671224649
8.284,-43.8328496442861
8.29,-43.8557443863583
8.296,-43.8763587939051
8.302,-43.8946997594134
8.308,-43.9107776953819
8.314,-43.9246064863634
8.32,-43.9362034230186
8.326,-43.9455891189059
8.332,-43.9527874109083
8.338,-43.9578252443606
8.344,-43.9607325440798
8.35,-43.9615420726252
8.356,-43.9602892772091
8.362,-43.9570121267578
8.368,-43.9517509406687
8.374,-43.9445482108395
8.38,-43.9354484185489
8.386,-43.9244978477478
8.392,-43.9117443962844
8.398,-43.8972373865281
8.404,-43.8810273767854
8.41,-43.8631659748113
8.416,-43.8437056546264
8.422,-43.8226995777366
8.428,-43.800201419744
8.434,-43.7762652032162
8.44,-43.7509451375645
8.446,-43.72429546656
8.452,-43.6963703240008
8.458,-43.6672235979311
8.464,-43.6369088037014
8.47,-43.6054789660627
8.476,-43.572986510386
8.482,-43.5394831630184
8.488,-43.5050198607037
8.494,-43.4696466689259
8.5,-43.4334127089757
8.506,-43.396366093482
8.512,-43.3585538701103
8.518,-43.320021973089
8.524,-43.2808151821976
8.53,-43.2409770888266
8.536,-43.2005500687042
8.542,-43.1595752608731
8.548,-43.118092552496
8.554,-43.0761405690684
8.56,-43.0337566696203
8.566,-42.9909769464961
8.572,-42.9478362293111
8.578,-42.9043680926969
8.584,-42.8606048674607
8.59,-42.8165776548029
8.596,-42.7723163432498
8.602,-42.7278496279819
8.608,-42.6832050322526
8.614,-42.6384089306138
8.62,-42.5934865736831
8.626,-42.5484621142048
8.632,-42.5033586341792
8.638,-42.4581981728478
8.644,-42.4130017553437
8.65,-42.3677894218307
8.656,-42.3225802569725
8.662,-42.2773924195862
8.668,-42.2322431723525
8.674,-42.1871489114642
8.68,-42.1421251961111
8.686,-42.0971867777086
8.692,-42.0523476287906
8.698,-42.0076209714957
8.704,-41.9630193055861
8.71,-41.918554435947
8.716,-41.8742374995234
8.722,-41.8300789916553
8.728,-41.7860887917841
8.734,-41.7422761885029
8.74,-41.6986499039348
8.746,-41.6552181174232
8.752,-41.6119884885257
8.758,-41.5689681793061
8.764,-41.5261638759213
8.77,-41.4835818095064
8.776,-41.4412277763581
8.782,-41.3991071574268
8.788,-41.3572249371211
8.794,-41.3155857214387
8.8,-41.2741937554315
8.806,-41.2330529400201
8.812,-41.1921668481701
8.818,-41.1515387404459
8.824,-41.1111715799558
8.83,-41.0710680467058
8.836,-41.0312305513774
8.842,-40.9916612485472
8.848,-40.9523620493631
8.854,-40.9133346336962
8.86,-40.8745804617842
8.866,-40.8361007853826
8.872,-40.7978966584419
8.878,-40.7599689473261
8.884,-40.7223183405895
8.89,-40.6849453583277
8.896,-40.6478503611177
8.902,-40.6110335585648
8.908,-40.5744950174682
8.914,-40.5382346696232
8.92,-40.5022523192715
8.926,-40.4665476502159
8.932,-40.4311202326109
8.938,-40.3959695294441
8.944,-40.3610949027199
8.95,-40.3264956193577
8.956,-40.2921708568179
8.962,-40.2581197084653
8.968,-40.224341188682
8.974,-40.190834237741
8.98,-40.1575977264494
8.986,-40.1246304605719
8.992,-40.0919311850445
8.998,-40.0594985879865
9.004,-40.0273313045206
9.01,-39.9954279204089
9.016,-39.9637869755135
9.022,-39.9324069670886
9.028,-39.9012863529128
9.034,-39.8704235542677
9.04,-39.8398169587699
9.046,-39.8094649230634
9.052,-39.7793657753789
9.058,-39.7495178179645
9.064,-39.7199193293953
9.07,-39.6905685667675
9.076,-39.6614637677798
9.082,-39.632603152711
9.088,-39.6039849262949
9.094,-39.5756072795
9.1,-39.5474683912168
9.106,-39.5195664298573
9.112,-39.4918995548708
9.118,-39.4644659181806
9.124,-39.4372636655439
9.13,-39.4102909378392
9.136,-39.3835458722848
9.142,-39.3570266035914
9.148,-39.3307312650513
9.154,-39.3046579895685
9.16,-39.2788049106307
9.166,-39.2531701632276
9.172,-39.2277518847169
9.178,-39.2025482156413
9.184,-39.1775573004978
9.19,-39.1527772884622
9.196,-39.1282063340718
9.202,-39.1038425978655
9.208,-39.0796842469875
9.214,-39.0557294557514
9.22,-39.0319764061718
9.226,-39.0084232884601
9.232,-38.9850683014898
9.238,-38.9619096532311
9.244,-38.9389455611565
9.25,-38.9161742526189
9.256,-38.8935939652035
9.262,-38.8712029470553
9.268,-38.8489994571819
9.274,-38.8269817657351
9.28,-38.8051481542698
9.286,-38.7834969159836
9.292,-38.7620263559363
9.298,-38.7407347912513
9.304,-38.7196205512995
9.31,-38.6986819778668
9.316,-38.6779174253054
9.322,-38.6573252606704
9.328,-38.636903863842
9.334,-38.6166516276348
9.34,-38.5965669578931
9.346,-38.5766482735755
9.352,-38.5568940068266
9.358,-38.5373026030389
9.364,-38.5178725209037
9.37,-38.4986022324524
9.376,-38.4794902230883
9.382,-38.4605349916103
9.388,-38.4417350502273
9.394,-38.4230889245654
9.4,-38.4045951536674
9.406,-38.3862522899855
9.412,-38.3680588993672
9.418,-38.350013561035
9.424,-38.3321148675598
9.43,-38.3143614248296
9.436,-38.2967518520122
9.442,-38.279284781513
9.448,-38.2619588589289
9.454,-38.2447727429968
9.46,-38.2277251055387
9.466,-38.2108146314027
9.472,-38.1940400184007
9.478,-38.1773999772421
9.484,-38.160893231465
9.49,-38.1445185173642
9.496,-38.1282745839165
9.502,-38.1121601927029
9.508,-38.0961741178298
9.514,-38.0803151458463
9.52,-38.064582075661
9.526,-38.0489737184556
9.532,-38.0334888975978
9.538,-38.0181264485521
9.544,-38.002885218789
9.55,-37.9877640676936
9.556,-37.972761866472
9.562,-37.9578774980574
9.568,-37.9431098570149
9.574,-37.9284578494452
9.58,-37.9139203928881
9.586,-37.899496416225
9.592,-37.8851848595804
9.598,-37.8709846742237
9.604,-37.8568948224697
9.61,-37.8429142775798
9.616,-37.8290420236616
9.622,-37.8152770555695
9.628,-37.8016183788046
9.634,-37.7880650094144
9.64,-37.7746159738924
9.646,-37.7612703090785
9.652,-37.7480270620585
9.658,-37.7348852900644
9.664,-37.7218440603743
9.67,-37.7089024502133
9.676,-37.6960595466536
9.682,-37.6833144465161
9.688,-37.6706662562715
9.694,-37.6581140919417
9.7,-37.6456570790022
9.706,-37.6332943522846
9.712,-37.6210250558797
9.718,-37.6088483430404
9.724,-37.5967633760865
9.73,-37.5847693263084
9.736,-37.5728653738729
9.742,-37.5610507077282
9.748,-37.5493245255106
9.754,-37.5376860334511
9.76,-37.526134446283
9.766,-37.51466898715
9.772,-37.5032888875149
9.778,-37.4919933870693
9.784,-37.4807817336434
9.79,-37.469653183117
9.796,-37.4586069993311
9.802,-37.4476424540002
9.808,-37.4367588266249
9.814,-37.4259554044062
9.82,-37.4152314821594
9.826,-37.4045863622296
9.832,-37.3940193544074
9.838,-37.3835297758457
9.844,-37.3731169509774
9.85,-37.3627802114329
9.856,-37.3525188959599
9.862,-37.3423323503423
9.868,-37.3322199273214
9.874,-37.3221809865166
9.88,-37.3122148943475
9.886,-37.3023210239572
9.892,-37.2924987551349
9.898,-37.2827474742411
9.904,-37.2730665741322
9.91,-37.2634554540864
9.916,-37.2539135197302
9.922,-37.244440182966
9.928,-37.2350348619001
9.934,-37.2256969807713
9.94,-37.216425969881
9.946,-37.2072212655232
9.952,-37.1980823099154
9.958,-37.1890085511312
9.964,-37.1799994430321
9.97,-37.1710544452011
9.976,-37.162173022877
9.982,-37.1533546468886
9.988,-37.1445987935908
9.994,-37.1359049448002
10,-37.1272725877325
