"Freq [GHz],""dB(St(1,1)) []"""
1,-0.957388215938201
1.006,0.0448599294616862
1.012,0.94917808864441
1.018,1.77592347306404
1.024,2.50204794492679
1.03,3.16068974701323
1.036,3.74862123079302
1.042,4.26587886902309
1.048,4.71925167104601
1.054,5.10813559394252
1.06,5.43753149349308
1.066,5.70950946156398
1.072,5.93823708126978
1.078,6.09128723200092
1.084,6.21005972294054
1.09,6.28327395933072
1.096,6.31528802039712
1.102,6.30729478330633
1.108,6.29675510588086
1.114,6.22829786736717
1.12,6.143854274891
1.126,6.04373044910242
1.132,5.92476392818235
1.138,5.7912493501686
1.144,5.21251369535212
1.15,5.43545977410623
1.156,5.32872560875461
1.162,5.17216759475832
1.168,5.00009266518158
1.174,4.8087077271968
1.18,4.66627873826481
1.186,4.48866069494213
1.192,4.3323961623175
1.198,4.13480961121289
1.204,3.96873826721795
1.21,3.75430572200349
1.216,3.6683877636795
1.222,3.50737494556274
1.228,3.35424510495711
1.234,3.20582752097045
1.24,3.06168862086187
1.246,2.92180145462971
1.252,2.78626202211423
1.258,2.65521588221077
1.264,2.52879735795207
1.27,2.40692122933528
1.276,2.28761536210059
1.282,2.17594985068428
1.288,2.0675164221479
1.294,1.96325231977963
1.3,1.86331572572849
1.306,1.7676319945194
1.312,1.67610442683439
1.318,1.58888548982541
1.324,1.50538165516387
1.33,1.42589660254173
1.336,1.35025832919957
1.342,1.2783872075571
1.348,1.21031455198431
1.354,1.14485465882433
1.36,1.08393347191371
1.366,1.02612349881139
1.372,0.971568190342479
1.378,0.920202250825072
1.384,0.871949701538427
1.39,0.82674123699134
1.396,0.78452815592179
1.402,0.745315207949958
1.408,0.709275746319319
1.414,0.67738789198094
1.42,0.663946001689438
1.426,0.598480321320269
1.432,0.578210344215594
1.438,0.555061514479334
1.444,0.533136743484631
1.45,0.512960353237726
1.456,0.494630190592027
1.462,0.478138182257108
1.468,0.463440465685236
1.474,0.450479065833455
1.48,0.439190154616029
1.486,0.429507683047038
1.492,0.421365155349145
1.498,0.414696567290155
1.504,0.409436933424728
1.51,0.405522596719861
1.516,0.402891415549596
1.522,0.401482877691184
1.528,0.401238168682315
1.534,0.402100210350048
1.54,0.404013679046674
1.546,0.406925009575512
1.552,0.410782388703952
1.558,0.415535740895519
1.564,0.419103941210392
1.57,0.417525518151063
1.576,0.416970941191172
1.582,0.417431326876896
1.588,0.418897980357005
1.594,0.42136238051849
1.6,0.424816164420986
1.606,0.429251110906216
1.612,0.434659123242669
1.618,0.441032210646702
1.624,0.448362468498658
1.63,0.456642057045011
1.636,0.46586317834444
1.642,0.476018051174735
1.648,0.487098883566925
1.654,0.499097842569435
1.66,0.512007020765049
1.666,0.525818398960442
1.672,0.540523804335107
1.678,0.55611486316181
1.684,0.572582946978939
1.69,0.589919110783532
1.696,0.608114021389052
1.702,0.627157873505722
1.708,0.64704029028028
1.714,0.667750203865733
1.72,0.689275709909232
1.726,0.711603887380118
1.732,0.734720571481838
1.738,0.758610061802542
1.744,0.783254739192704
1.75,0.808634551116693
1.756,0.834726302891282
1.762,0.861502654906312
1.768,0.888930661593208
1.774,0.916969573006412
1.78,0.945567406115533
1.786,0.974655375922157
1.792,1.00413841657167
1.798,1.03387812733047
1.804,1.06365994934375
1.81,1.09312440882767
1.816,1.12160623372289
1.822,1.14769589349059
1.828,1.16773942162502
1.834,1.16824845862131
1.84,1.02307554033565
1.846,1.57280785888536
1.852,1.44865361350298
1.858,1.45282921339376
1.864,1.4764200398737
1.87,1.50683810052187
1.876,1.54060293883844
1.882,1.57636144555299
1.888,1.61347605653222
1.894,1.65160747845586
1.9,1.69056087294637
1.906,1.73022027699617
1.912,1.77051770623492
1.918,1.81141761321244
1.924,1.85290882370364
1.93,1.89500043218443
1.936,1.93771996874958
1.942,1.98111297519691
1.948,2.0252435078393
1.954,2.07019523910743
1.96,2.11607284917308
1.966,2.16300332305681
1.972,2.21113662695973
1.978,2.2606450711346
1.984,2.31172054487744
1.99,2.36456883312544
1.996,2.41940050629506
2.002,2.47641848785684
2.008,2.53580330513459
2.014,2.59769800192584
2.02,2.66219536832596
2.026,2.72933014391802
2.032,2.79907800316197
2.038,2.87136163129409
2.044,2.9460625659257
2.05,3.02303630771968
2.056,3.10212785621275
2.062,3.18318528508691
2.068,3.26606991284492
2.074,3.35066264021196
2.08,3.43686681097232
2.086,3.52460838798645
2.092,3.61383435267952
2.098,3.70451014102392
2.104,3.79661673517634
2.11,3.89014782098094
2.116,3.98510724358673
2.122,4.08150686284385
2.128,4.18225110664835
2.134,4.28840690226476
2.14,4.39749658958956
2.146,4.5095866479205
2.152,4.62474141106664
2.158,4.7430223415338
2.164,4.86448717829504
2.17,4.98918893786528
2.176,5.11717474535762
2.182,5.24848446878664
2.188,5.38314912608551
2.194,5.52118903010896
2.2,5.6626116322864
2.206,5.80740902051667
2.212,5.9555550211606
2.218,6.10700184796263
2.224,6.26167623044341
2.23,6.41947493449672
2.236,6.58025953720015
2.242,6.74385015278475
2.248,6.91001712658605
2.254,7.07846582577642
2.26,7.24876800534382
2.266,7.42541545448061
2.272,7.59452548830082
2.278,7.76799092550566
2.284,7.9413693736956
2.29,8.1138131151148
2.296,8.28441116009963
2.302,8.45213887466736
2.308,8.61584635411713
2.314,8.77425402017878
2.32,8.92594960098893
2.326,9.06936733892169
2.332,9.20248626367398
2.338,9.3279429698784
2.344,9.43563576407995
2.35,9.52974305807449
2.356,9.60752036361696
2.362,9.66738316880551
2.368,9.70800378933461
2.374,9.72831657435102
2.38,9.72756015172222
2.386,9.70531500293431
2.392,9.66152783248075
2.398,9.5965251482857
2.404,9.51115367568719
2.41,9.40541712665576
2.416,9.28200917092634
2.422,9.14165731806881
2.428,8.98607197522828
2.434,8.81698955382802
2.44,8.63617173285516
2.446,8.44535401981894
2.452,8.24618921877378
2.458,8.04018055419164
2.464,7.82862796630572
2.47,7.61288911317136
2.476,7.39518573485691
2.482,7.17726892965231
2.488,6.95931654799206
2.494,6.7417410832231
2.5,6.52527284015827
2.506,6.31061143656173
2.512,6.09834787404161
2.518,5.88896898112921
2.524,5.68287204025496
2.53,5.48037786436359
2.536,5.28174159197908
2.542,5.08716173621366
2.548,4.89678792844565
2.554,4.71072763252563
2.56,4.52905200513499
2.566,4.35180102473436
2.572,4.17898798315029
2.578,4.01060341744572
2.584,3.8466185489612
2.59,3.68698828835109
2.596,3.53165385875207
2.602,3.38054508334732
2.608,3.23358237830198
2.614,3.09067848725418
2.62,2.9517399892189
2.626,2.81666860787553
2.632,2.68536234674521
2.638,2.55771647169406
2.644,2.43362435949404
2.65,2.3129782288012
2.656,2.1956697678373
2.662,2.08159067125244
2.668,1.97063309706949
2.674,1.86269005323764
2.68,1.75765572212274
2.686,1.65542573021302
2.692,1.55589736939668
2.698,1.45896977535365
2.704,1.36454406788015
2.71,1.27252345731553
2.716,1.1828133206529
2.722,1.09532125037727
2.728,1.00995707857429
2.734,0.92663287838356
2.74,0.845262944421522
2.746,0.765763753367375
2.752,0.688053905484623
2.758,0.612054047441615
2.764,0.537686776398581
2.77,0.464876524955983
2.776,0.393549426226353
2.782,0.323633158029164
2.788,0.255056765062395
2.794,0.187750457944598
2.8,0.121645388347517
2.806,0.0566734001891882
2.812,-0.00723324178630313
2.818,-0.0701421425252848
2.824,-0.132121079464325
2.83,-0.193238306116447
2.836,-0.253562838630157
2.842,-0.313164699457567
2.848,-0.372115082687308
2.854,-0.430486395227641
2.86,-0.488352118430969
2.866,-0.545786428596432
2.872,-0.602863515966073
2.878,-0.659656555212944
2.884,-0.716236310940401
2.89,-0.772669412546348
2.896,-0.829016402728937
2.902,-0.885329744478816
2.908,-0.941652045448797
2.914,-0.998014801934022
2.92,-1.05443795249037
2.926,-1.11093044822656
2.932,-1.16749189776973
2.938,-1.22411515904806
2.944,-1.28078957489527
2.95,-1.33750443456812
2.956,-1.39425222056758
2.962,-1.45103127152422
2.968,-1.50784762994139
2.974,-1.56471600473889
2.98,-1.62165992076749
2.986,-1.67871122360948
2.992,-1.73590915018761
2.998,-1.7932991717799
3.004,-1.85093178188788
3.01,-1.90886135380434
3.016,-1.96714514477498
3.022,-2.02584248321395
3.028,-2.08501414568452
3.034,-2.144721911212
3.04,-2.20502827014966
3.046,-2.26599626088862
3.052,-2.3276894079357
3.058,-2.39017173746992
3.064,-2.45350785013555
3.07,-2.51776303470642
3.076,-2.58300340988359
3.082,-2.6492960846365
3.088,-2.71670933009053
3.094,-2.78531275801757
3.1,-2.85517750255936
3.106,-2.92637640298411
3.112,-2.99898418612049
3.118,-3.07307764770116
3.124,-3.14873583223695
3.13,-3.22604021128203
3.136,-3.3050748600744
3.142,-3.38592663257358
3.148,-3.46868533488703
3.154,-3.55344389699307
3.16,-3.64029854253711
3.166,-3.72934895630709
3.172,-3.82069844878032
3.178,-3.91445411687803
3.184,-4.01072699975926
3.19,-4.10963222812555
3.196,-4.21128916508039
3.202,-4.31582153608256
3.208,-4.42335754492914
3.214,-4.53402997198546
3.22,-4.64797625001878
3.226,-4.76533851195843
3.232,-4.8862636036609
3.238,-5.01090305325736
3.244,-5.1394129868465
3.25,-5.27195397809998
3.256,-5.40721076903066
3.262,-5.54674273699557
3.268,-5.69072254703705
3.274,-5.83933070309374
3.28,-5.99275501452447
3.286,-6.15118979166172
3.292,-6.31483469972449
3.298,-6.48389318374673
3.304,-6.65857035677861
3.31,-6.83907021875384
3.316,-7.02559204328355
3.322,-7.21832573339435
3.328,-7.41744590409379
3.334,-7.62310439905817
3.34,-7.8354208906354
3.346,-8.05447114764668
3.352,-8.28027248677409
3.358,-8.51276585611643
3.364,-8.75179394384022
3.37,-8.99707467783999
3.376,-9.24816951142396
3.382,-9.50444601730896
3.388,-9.76503459885132
3.394,-10.0287796574636
3.4,-10.2941864350041
3.406,-10.559366098478
3.412,-10.8219835543572
3.418,-11.0792149983282
3.424,-11.3277251738071
3.43,-11.563677262214
3.436,-11.7827903306286
3.442,-11.9804588749618
3.448,-12.1519444705369
3.454,-12.2926394713511
3.46,-12.3983871294054
3.466,-12.4658241054972
3.472,-12.4926957403886
3.478,-12.4780887412305
3.484,-12.4225352728611
3.49,-12.3279664280528
3.496,-12.1975246005279
3.502,-12.0352725421763
3.508,-11.8458526574806
3.514,-11.6341501499425
3.52,-11.4050012301448
3.526,-11.1629695048894
3.532,-10.912196423502
3.538,-10.6563191877406
3.544,-10.3984428369358
3.55,-10.14115133662
3.556,-9.88654371198386
3.562,-9.63628396242208
3.568,-9.39165652675021
3.574,-9.15362179944863
3.58,-8.92286836556558
3.586,-8.69986019499639
3.592,-8.48487809654092
3.598,-8.27805539523364
3.604,-8.07940817610274
3.61,-7.88886062697031
3.616,-7.70626608204059
3.622,-7.53142436587952
3.628,-7.36409599661018
3.634,-7.20401374843244
3.64,-7.05089200938205
3.646,-6.90443430760444
3.652,-6.76433932192174
3.658,-6.6303056416204
3.664,-6.50203549647932
3.67,-6.37923764074696
3.676,-6.26162954340652
3.682,-6.14893901088064
3.688,-6.04090534656406
3.694,-5.9372801335348
3.7,-5.83782771186563
3.706,-5.74232540960746
3.712,-5.65056357629831
3.718,-5.56234545939382
3.724,-5.47748695700842
3.73,-5.39581627454852
3.736,-5.3171735079992
3.742,-5.24141017262569
3.748,-5.16838869252665
3.754,-5.09798186371395
3.76,-5.03007230109739
3.766,-4.96455187784301
3.772,-4.90132116398633
3.778,-4.84028886986131
3.784,-4.78137129880879
3.79,-4.72449181271572
3.796,-4.66958031317822
3.802,-4.61657274045213
3.808,-4.5654105918303
3.814,-4.51604046065182
3.82,-4.46841359678606
3.826,-4.42248548913441
3.832,-4.37821547044225
3.838,-4.33556634450586
3.844,-4.29450403568612
3.85,-4.25499726049627
3.856,-4.2170172209118
3.862,-4.18053731895014
3.868,-4.14553289198582
3.874,-4.11198096819789
3.88,-4.07986004149048
3.886,-4.04914986518153
3.892,-4.01983126371792
3.898,-3.99188596164671
3.904,-3.96529642904975
3.91,-3.94004574263368
3.916,-3.91611746165708
3.922,-3.8934955178712
3.928,-3.87216411865045
3.934,-3.85210766249255
3.94,-3.83331066607553
3.946,-3.81575770207024
3.952,-3.79943334692125
3.958,-3.78432213782635
3.964,-3.77040853816498
3.97,-3.75767691064839
3.976,-3.74611149748881
3.982,-3.73569640691169
3.988,-3.72641560536257
3.994,-3.71825291479033
4,-3.71119201441826
4.006,-3.70521644644623
4.012,-3.70030962515871
4.018,-3.69645484894574
4.024,-3.69363531477606
4.03,-3.69183413469369
4.036,-3.69103435394101
4.042,-3.69121897034261
4.048,-3.69237095461467
4.054,-3.69447327129436
4.06,-3.69750890001224
4.066,-3.70146085685863
4.072,-3.70631221562087
4.078,-3.71204612869392
4.084,-3.71864584749036
4.09,-3.72609474219835
4.096,-3.73437632075732
4.102,-3.74347424694049
4.108,-3.75337235745206
4.114,-3.7640546779633
4.12,-3.77550543802752
4.126,-3.78770908482815
4.132,-3.80065029572671
4.138,-3.81431398958953
4.144,-3.82868533688194
4.15,-3.84374976852872
4.156,-3.85949298354702
4.162,-3.87590095546598
4.168,-3.89295993755281
4.174,-3.91065646687142
4.18,-3.9289773672034
4.186,-3.94790975086574
4.192,-3.96744101946262
4.198,-3.98755886361112
4.204,-4.00825126168303
4.21,-4.02950647760627
4.216,-4.0513130577707
4.222,-4.07365982708373
4.228,-4.09653588422168
4.234,-4.11993059612288
4.24,-4.14383359176827
4.246,-4.16823475529521
4.252,-4.19312421848929
4.258,-4.21849235269858
4.264,-4.24432976021393
4.27,-4.27062726515784
4.276,-4.29737590392391
4.282,-4.32456691520747
4.288,-4.35219172966736
4.294,-4.38024195925759
4.3,-4.40870938626681
4.306,-4.43758595210245
4.312,-4.46686374585536
4.318,-4.49653499268023
4.324,-4.52659204202565
4.33,-4.55702735574746
4.336,-4.58783349613782
4.342,-4.61900311390192
4.348,-4.65052893611356
4.354,-4.68240375418023
4.36,-4.71462041184768
4.366,-4.74717179327359
4.372,-4.78005081119924
4.378,-4.81325039524803
4.384,-4.84676348037879
4.39,-4.880582995522
4.396,-4.9147018524261
4.402,-4.94911293474134
4.408,-4.98380908736771
4.414,-5.01878310609366
4.42,-5.05402772755158
4.426,-5.08953561951599
4.432,-5.12529937156973
4.438,-5.16131148616339
4.444,-5.19756437009232
4.45,-5.23405032641567
4.456,-5.27076154684073
4.462,-5.30769010459596
4.468,-5.34482794781476
4.474,-5.38216689345192
4.48,-5.41969862175344
4.486,-5.45741467129989
4.492,-5.49530643464222
4.498,-5.53336515454818
4.504,-5.57158192087606
4.51,-5.60994766809156
4.516,-5.64845317344191
4.522,-5.68708905580024
4.528,-5.7258457751914
4.534,-5.76471363300909
4.54,-5.80368277293202
4.546,-5.84274318254536
4.552,-5.88188469567163
4.558,-5.92109699541319
4.564,-5.96036961790629
4.57,-5.99969195678471
4.576,-6.03905326834839
4.582,-6.07844267743056
4.588,-6.11784918395402
4.594,-6.15726167016525
4.6,-6.19666890853227
4.606,-6.23605957028974
4.612,-6.27542223461248
4.618,-6.31474539839578
4.624,-6.3540174866187
4.63,-6.39322686326385
4.636,-6.43236184276507
4.642,-6.47141070195163
4.648,-6.51036169245573
4.654,-6.54920305354775
4.66,-6.58792302536139
4.666,-6.62650986246947
4.672,-6.66495184776857
4.678,-6.70323730662983
4.684,-6.74135462127108
4.69,-6.77929224530454
4.696,-6.81703871841304
4.702,-6.85458268110677
4.708,-6.89191288951203
4.714,-6.92901823014263
4.72,-6.96588773460466
4.726,-7.00251059418506
4.732,-7.03887617427474
4.738,-7.07497402857746
4.744,-7.11079391305618
4.75,-7.14632579956985
4.756,-7.18155988915435
4.762,-7.21648662490304
4.768,-7.25109670440376
4.774,-7.28538109169113
4.78,-7.31933102867484
4.786,-7.35293804600716
4.792,-7.38619397335489
4.798,-7.41909094904413
4.804,-7.45162142904835
4.81,-7.48377819529376
4.816,-7.5155543632584
4.822,-7.54694338884498
4.828,-7.57793907451021
4.834,-7.60853557463697
4.84,-7.63872740013867
4.846,-7.6685094222886
4.852,-7.69787687577021
4.858,-7.7268253609477
4.864,-7.75535084535918
4.87,-7.78344966443823
4.876,-7.81111852147229
4.882,-7.83835448680968
4.888,-7.86515499632949
4.894,-7.89151784919156
4.9,-7.91744120488618
4.906,-7.94292357960565
4.912,-7.96796384196174
4.918,-7.99256120807557
4.924,-8.01671523606793
4.93,-8.04042581997976
4.936,-8.06369318315419
4.942,-8.08651787111233
4.948,-8.10890074395661
4.954,-8.13084296833573
4.96,-8.1523460090064
4.966,-8.17341162002721
4.972,-8.1940418356202
4.978,-8.21423896073601
4.984,-8.23400556135811
4.99,-8.25334445458148
4.996,-8.27225869850049
5.002,-8.2907515819405
5.008,-8.30882661406637
5.014,-8.32648751390089
5.02,-8.34373819978449
5.026,-8.36058277880707
5.032,-8.37702553624112
5.038,-8.39307092500448
5.044,-8.40872355517932
5.05,-8.4239881836128
5.056,-8.43886970362346
5.062,-8.45337313483563
5.068,-8.46750361316286
5.074,-8.48126638095988
5.08,-8.4946667773609
5.086,-8.50771022882066
5.092,-8.52040223987303
5.098,-8.53274838412065
5.104,-8.54475429546735
5.11,-8.55642565960394
5.116,-8.5677682057563
5.122,-8.57878769870361
5.128,-8.58948993107305
5.134,-8.59988071591607
5.14,-8.60996587957032
5.146,-8.61975125480987
5.152,-8.6292426742856
5.158,-8.63844596425642
5.164,-8.64736693861098
5.17,-8.65601139317893
5.176,-8.66438510032948
5.182,-8.67249380385479
5.188,-8.68034321413458
5.194,-8.68793900357784
5.2,-8.6952868023371
5.206,-8.7023921942899
5.212,-8.7092607132818
5.218,-8.71589783962502
5.224,-8.72230899684582
5.23,-8.72849954867428
5.236,-8.73447479626918
5.242,-8.7402399756707
5.248,-8.74580025547358
5.254,-8.75116073471302
5.26,-8.75632644095572
5.266,-8.76130232858824
5.272,-8.76609327729476
5.278,-8.77070409071664
5.284,-8.77513949528582
5.29,-8.77940413922433
5.296,-8.78350259170223
5.302,-8.78743934214648
5.308,-8.79121879969317
5.314,-8.79484529277575
5.32,-8.79832306884206
5.326,-8.80165629419325
5.332,-8.8048490539374
5.338,-8.80790535205147
5.344,-8.81082911154476
5.35,-8.81362417471773
5.356,-8.81629430351001
5.362,-8.81884317993153
5.368,-8.82127440657124
5.374,-8.82359150717772
5.38,-8.82579792730647
5.386,-8.8278970350287
5.392,-8.82989212169672
5.398,-8.83178640276128
5.404,-8.83358301863631
5.41,-8.83528503560681
5.416,-8.83689544677569
5.422,-8.83841717304582
5.428,-8.83985306413348
5.434,-8.84120589960962
5.44,-8.8424783899657
5.446,-8.84367317770098
5.452,-8.8447928384281
5.458,-8.84583988199422
5.464,-8.84681675361509
5.47,-8.8477258350195
5.476,-8.8485694456017
5.482,-8.84934984357973
5.488,-8.85006922715738
5.494,-8.85072973568803
5.5,-8.85133345083847
5.506,-8.85207041368392
5.512,-8.85261152163965
5.518,-8.85295660943835
5.524,-8.85310557800824
5.53,-8.85305839485298
5.536,-8.85281509437899
5.542,-8.85237577816943
5.548,-8.85174061520448
5.554,-8.85090984202736
5.56,-8.84988376285592
5.566,-8.84866274963935
5.572,-8.84724724205995
5.578,-8.84563774747995
5.584,-8.8438348408333
5.59,-8.84183916446247
5.596,-8.83965142790075
5.602,-8.83727240760001
5.608,-8.83470294660447
5.614,-8.83194395417094
5.62,-8.82899640533605
5.626,-8.82586134043113
5.632,-8.8225398645454
5.638,-8.81903314693846
5.644,-8.81534242040264
5.65,-8.81146898057659
5.656,-8.80741418521075
5.662,-8.80317945338606
5.668,-8.79876626468704
5.674,-8.79417615833046
5.68,-8.78941073225083
5.686,-8.78447164214428
5.692,-8.7793606004721
5.698,-8.77407937542543
5.704,-8.76862978985271
5.71,-8.7630137201514
5.716,-8.75723309512556
5.722,-8.75128989481106
5.728,-8.74518614926999
5.734,-8.73892393735603
5.74,-8.73250538545252
5.746,-8.72593266618504
5.752,-8.7192079971102
5.758,-8.71233363938252
5.764,-8.7053118964011
5.77,-8.69814511243806
5.776,-8.69083567125038
5.782,-8.68338599467711
5.788,-8.67579854122361
5.794,-8.66807580463476
5.8,-8.6602203124589
5.806,-8.65223462460411
5.812,-8.64412133188887
5.818,-8.63588305458854
5.824,-8.62752244097957
5.83,-8.61904216588307
5.836,-8.61044492920925
5.842,-8.60173345450461
5.848,-8.59291048750314
5.854,-8.5839787946834
5.86,-8.57494116183268
5.866,-8.56580039261991
5.872,-8.55655930717857
5.878,-8.54722074070117
5.884,-8.5377875420464
5.89,-8.52826257236038
5.896,-8.51864870371312
5.902,-8.50894881775147
5.908,-8.4991658043696
5.914,-8.48930256039811
5.92,-8.47936198831276
5.926,-8.46934699496384
5.932,-8.45926049032697
5.938,-8.44910538627638
5.944,-8.4388845953812
5.95,-8.42860102972581
5.956,-8.41825759975466
5.962,-8.40785721314242
5.968,-8.39740277368993
5.974,-8.38689718024645
5.98,-8.3763433256589
5.986,-8.36574409574822
5.992,-8.35510236831353
5.998,-8.34442101216417
6.004,-8.33370288618011
6.01,-8.32295083840086
6.016,-8.31216770514308
6.022,-8.30135631014708
6.028,-8.29051946375229
6.034,-8.27965996210176
6.04,-8.26878058637571
6.046,-8.25788410205418
6.052,-8.24697325820861
6.058,-8.23605078682232
6.064,-8.22511940213982
6.07,-8.21418180004471
6.076,-8.20324065746593
6.082,-8.19229863181233
6.088,-8.18135836043511
6.094,-8.17042246011791
6.1,-8.15949352659431
6.106,-8.14857413409235
6.112,-8.1376668349056
6.118,-8.12677415899076
6.124,-8.11589861359084
6.13,-8.1050426828841
6.136,-8.09420882765779
6.142,-8.08339948500659
6.148,-8.07261706805516
6.154,-8.06186396570417
6.16,-8.05114254239963
6.166,-8.04045513792468
6.172,-8.02980406721356
6.178,-8.01919162018704
6.184,-8.00862006160892
6.19,-7.99809163096297
6.196,-7.98760854234975
6.202,-7.97717298440285
6.208,-7.96678712022373
6.214,-7.95645308733498
6.22,-7.94617299765099
6.226,-7.93594893746584
6.232,-7.92578296745751
6.238,-7.91567712270811
6.244,-7.90563341273932
6.25,-7.89565382156259
6.256,-7.88574030774345
6.262,-7.87589480447947
6.268,-7.86611921969113
6.274,-7.85641543612513
6.28,-7.84678531146958
6.286,-7.83723067848039
6.292,-7.82775334511855
6.298,-7.81835509469734
6.304,-7.80903768603937
6.31,-7.79980285364252
6.316,-7.79065230785455
6.322,-7.78158773505554
6.328,-7.77261079784798
6.334,-7.76372313525361
6.34,-7.75492636291686
6.346,-7.74622207331408
6.352,-7.7376118359683
6.358,-7.7290971976689
6.364,-7.72067968269567
6.37,-7.71236079304703
6.376,-7.70414200867158
6.382,-7.69602478770295
6.388,-7.68801056669708
6.394,-7.68010076087196
6.4,-7.67229676434899
6.406,-7.6645999503959
6.412,-7.65701167167056
6.418,-7.64953326046563
6.424,-7.64216602895337
6.43,-7.63491126943051
6.436,-7.62777025456272
6.442,-7.62074423762855
6.448,-7.61383445276233
6.454,-7.607042115196
6.46,-7.60036842149949
6.466,-7.59381454981959
6.472,-7.58738166011696
6.478,-7.58107089440132
6.484,-7.57488337696464
6.49,-7.56882021461224
6.496,-7.56288249689181
6.502,-7.55707129632037
6.508,-7.55138766860932
6.514,-7.54583265288748
6.52,-7.54040727192262
6.526,-7.53511253234143
6.532,-7.52994942484851
6.538,-7.52491892444462
6.544,-7.52002199064467
6.55,-7.51525956769616
6.556,-7.51063258479865
6.562,-7.50614195632498
6.568,-7.50178858204547
6.574,-7.49757334735559
6.58,-7.49349712350897
6.586,-7.48956076785646
6.592,-7.48576512409321
6.598,-7.48211102251525
6.604,-7.47859928028753
6.61,-7.47523070172557
6.616,-7.47200607859299
6.622,-7.46892619041772
6.628,-7.46599180482958
6.634,-7.46320367792253
6.64,-7.46056255464516
6.646,-7.45806916922312
6.652,-7.45572424561791
6.658,-7.45352849802652
6.664,-7.45148263142709
6.67,-7.44958734217594
6.676,-7.44784331866212
6.682,-7.44625124202586
6.688,-7.44481178694795
6.694,-7.4435256225176
6.7,-7.44239341318703
6.706,-7.4414158198213
6.712,-7.44059350085305
6.718,-7.43992711355184
6.724,-7.43941731541886
6.73,-7.43906476571829
6.736,-7.43887012715702
6.742,-7.43883406772541
6.748,-7.43895726271203
6.754,-7.43924039690593
6.76,-7.43968416700058
6.766,-7.44028928421384
6.772,-7.44105647713866
6.778,-7.44198649483934
6.784,-7.44308011020804
6.79,-7.44433812359632
6.796,-7.44576136673553
6.802,-7.4473507069596
6.808,-7.44910705174234
6.814,-7.45103135356014
6.82,-7.45312461508905
6.826,-7.45538789474266
6.832,-7.4578223125546
6.838,-7.46042905640571
6.844,-7.46320938859192
6.85,-7.46616465272403
6.856,-7.46929628094461
6.862,-7.47260580144137
6.868,-7.47609484622834
6.874,-7.47976515915866
6.88,-7.48361860412332
6.886,-7.48765717338044
6.892,-7.49188299594903
6.898,-7.49629834598976
6.904,-7.50090565108323
6.91,-7.5057075003037
6.916,-7.51070665197404
6.922,-7.5159060409744
6.928,-7.52130878546555
6.934,-7.52691819287592
6.94,-7.53273776499136
6.946,-7.538771201978
6.952,-7.54502240516212
6.958,-7.55149547838755
6.964,-7.55819472777059
6.97,-7.56512465967647
6.976,-7.57228997674942
6.982,-7.57969557184145
6.988,-7.58734651970396
6.994,-7.59524806633033
7,-7.60340561586782
7.006,-7.6118247150533
7.012,-7.62051103516852
7.018,-7.62947035155749
7.024,-7.63870852079871
7.03,-7.6482314556794
7.036,-7.65804509817412
7.042,-7.66815539068625
7.048,-7.67856824586528
7.054,-7.68928951536387
7.06,-7.70032495794451
7.066,-7.71168020738371
7.072,-7.72336074065156
7.078,-7.73537184686267
7.084,-7.74771859750126
7.09,-7.76040581841702
7.096,-7.7734380640684
7.102,-7.78681959445731
7.108,-7.8005543551532
7.114,-7.81464596074762
7.12,-7.82909768201301
7.126,-7.84391243696473
7.132,-7.85909278594474
7.138,-7.87464093076254
7.144,-7.8905587178454
7.15,-7.9068476452696
7.156,-7.92350887346893
7.162,-7.94054323934861
7.168,-7.95795127347419
7.174,-7.97573321995714
7.18,-7.99388905862247
7.186,-8.01241852902003
7.192,-8.03132115582877
7.198,-8.05059627520388
7.204,-8.07024306162643
7.21,-8.09026055483638
7.216,-8.11064768645755
7.222,-8.13140330595864
7.228,-8.15252620563449
7.234,-8.17401514433481
7.24,-8.19586886971326
7.246,-8.21808613881474
7.252,-8.24066573686357
7.258,-8.26360649415756
7.264,-8.28690730101241
7.27,-8.31056712073715
7.276,-8.33458500065284
7.282,-8.35896008119476
7.288,-8.38369160316142
7.294,-8.40877891319269
7.3,-8.43422146757407
7.306,-8.46001883447505
7.312,-8.48617069473686
7.318,-8.51267684132879
7.324,-8.53953717759374
7.33,-8.56675171440258
7.336,-8.59432056633368
7.342,-8.6222439469892
7.348,-8.65052216355416
7.354,-8.67915561069674
7.36,-8.70814476390151
7.366,-8.73749017231854
7.372,-8.7671924512039
7.378,-8.79725227401838
7.384,-8.82767036424386
7.39,-8.85844748696825
7.396,-8.88958444028363
7.402,-8.92108204653404
7.408,-8.95294114344401
7.414,-8.98516257515224
7.42,-9.01774718316933
7.426,-9.05069579727418
7.432,-9.08400922635806
7.438,-9.11768824922235
7.444,-9.15173360533178
7.45,-9.18614598552192
7.456,-9.2209260226571
7.462,-9.25607428223243
7.468,-9.29159125291142
7.474,-9.32747733698915
7.48,-9.36373284076955
7.486,-9.40035796484359
7.492,-9.43735279425507
7.498,-9.4747172885391
7.504,-9.5124512716184
7.51,-9.5505544215416
7.516,-9.58902626004802
7.522,-9.62786614194274
7.528,-9.66707324426619
7.534,-9.70664655524233
7.54,-9.74658486298995
7.546,-9.78688674398174
7.552,-9.82755055123632
7.558,-9.86857440222907
7.564,-9.90995616650786
7.57,-9.95169345300107
7.576,-9.99378359700558
7.582,-10.0362236468437
7.588,-10.0790103501788
7.594,-10.1221401399812
7.6,-10.1656091201356
7.606,-10.2094130506858
7.612,-10.2535473327095
7.618,-10.2980069928229
7.624,-10.3427866673125
7.63,-10.3878805858955
7.636,-10.433282555113
7.642,-10.4789859413606
7.648,-10.524983653567
7.654,-10.5712681255292
7.66,-10.6178312979226
7.666,-10.6646646000017
7.672,-10.7117589310144
7.678,-10.7591046413561
7.684,-10.8066915134944
7.69,-10.8545087426982
7.696,-10.9025449176143
7.702,-10.9507880007335
7.708,-10.9992253088017
7.714,-11.0478434932306
7.72,-11.0966285205732
7.726,-11.1455656531364
7.732,-11.1946394298071
7.738,-11.2438336471791
7.744,-11.2931313410745
7.75,-11.342514768562
7.756,-11.3919653905824
7.762,-11.4414638553028
7.768,-11.4909899823263
7.774,-11.5405227478972
7.78,-11.5900402712484
7.786,-11.6395198022482
7.792,-11.6889377105136
7.798,-11.7382694761643
7.804,-11.787489682404
7.81,-11.8365720101196
7.816,-11.885489234702
7.822,-11.9342132252947
7.828,-11.9827149466858
7.834,-12.0309644640644
7.84,-12.078930950863
7.846,-12.1265826999153
7.852,-12.1738871381552
7.858,-12.2208108450837
7.864,-12.2673195752272
7.87,-12.3133782848036
7.876,-12.3589511628063
7.882,-12.4040016667022
7.888,-12.4484925629287
7.894,-12.4923859723522
7.9,-12.5356434208349
7.906,-12.578225895027
7.912,-12.6200939034741
7.918,-12.6612075430989
7.924,-12.7015265710766
7.93,-12.7410104820852
7.936,-12.7796185908666
7.942,-12.8173101199898
7.948,-12.8540442926515
7.954,-12.889780430303
7.96,-12.9244780548294
7.966,-12.9580969949567
7.972,-12.9905974964967
7.978,-13.0219403359878
7.984,-13.0520869372255
7.99,-13.0809994901228
7.996,-13.1086410712852
8.002,-13.1349757656331
8.008,-13.1599687883579
8.014,-13.1835866064568
8.02,-13.2057970590557
8.026,-13.2265694757017
8.032,-13.2458747917879
8.038,-13.2636856602626
8.044,-13.2799765587732
8.05,-13.2947238914072
8.056,-13.3079060842102
8.062,-13.3195036736932
8.068,-13.3294993875834
8.074,-13.3378782171249
8.08,-13.3446274802966
8.086,-13.349736875388
8.092,-13.3531985244519
8.098,-13.3550070062424
8.104,-13.3551593783366
8.11,-13.3536551882405
8.116,-13.3504964733766
8.122,-13.3456877499576
8.128,-13.3392359908496
8.134,-13.331150592632
8.14,-13.321443332157
8.146,-13.3101283130076
8.152,-13.2972219023349
8.158,-13.2827426586422
8.164,-13.2667112511465
8.17,-13.2491503714164
8.176,-13.2300846380335
8.182,-13.2095404950659
8.188,-13.1875461051745
8.194,-13.1641312381904
8.2,-13.1393271560127
8.206,-13.1131664946739
8.212,-13.0856831444078
8.218,-13.0569121285391
8.224,-13.0268894819803
8.23,-12.9956521300905
8.236,-12.963237768607
8.242,-12.9296847453124
8.248,-12.8950319440507
8.254,-12.8593186716498
8.26,-12.8225845482503
8.266,-12.7848694014825
8.272,-12.7462131648758
8.278,-12.706655780824
8.284,-12.6662371083746
8.29,-12.6249968360528
8.296,-12.58297439988
8.302,-12.5402089066946
8.308,-12.4967390628342
8.314,-12.4526031081995
8.32,-12.4078387556737
8.326,-12.3624831358404
8.332,-12.3165727469068
8.338,-12.2701434097134
8.344,-12.223230227683
8.35,-12.175867551545
8.356,-12.1280889486497
8.362,-12.0799271766743
8.368,-12.0314141615124
8.374,-11.9825809791283
8.38,-11.9334578411531
8.386,-11.8840740839965
8.392,-11.8344581612469
8.398,-11.7846376391322
8.404,-11.734639194819
8.41,-11.6844886173298
8.416,-11.6342108108632
8.422,-11.58382980031
8.428,-11.5333687387644
8.434,-11.4828499168371
8.44,-11.4322947735869
8.446,-11.3817239088951
8.452,-11.3311570971172
8.458,-11.2806133018543
8.464,-11.2301106916986
8.47,-11.1796666568129
8.476,-11.1292978262179
8.482,-11.079020085665
8.488,-11.0288485959865
8.494,-10.9787978118189
8.5,-10.9288815006066
8.506,-10.8791127617987
8.512,-10.829504046162
8.518,-10.780067175137
8.524,-10.7308133601743
8.53,-10.6817532219908
8.536,-10.6328968096963
8.542,-10.5842536197421
8.548,-10.5358326146507
8.554,-10.4876422414916
8.56,-10.4396904500691
8.566,-10.3919847107977
8.572,-10.3445320322389
8.578,-10.2973389782804
8.584,-10.2504116849412
8.59,-10.2037558767892
8.596,-10.1573768829591
8.602,-10.1112796527637
8.608,-10.0654687708913
8.614,-10.0199484721853
8.62,-9.97472265600509
8.626,-9.9297949001648
8.632,-9.88516847445375
8.638,-9.84084635373864
8.644,-9.79683123065198
8.65,-9.75312552787042
8.656,-9.7097314099886
8.662,-9.66665079499423
8.668,-9.62388536535146
8.674,-9.5814365786992
8.68,-9.5393056781727
8.686,-9.49749370235596
8.692,-9.45600149487385
8.698,-9.41482971363227
8.704,-9.37397883971551
8.71,-9.33344918594955
8.716,-9.29324090514072
8.722,-9.25335399799865
8.728,-9.21378832075286
8.734,-9.17454359247203
8.74,-9.13561940209513
8.746,-9.0970152151835
8.752,-9.05873038040267
8.758,-9.02076413574293
8.764,-8.98311561448713
8.77,-8.94578385093443
8.776,-8.90876778588834
8.782,-8.87206627191701
8.788,-8.83567807839427
8.794,-8.79960189632862
8.8,-8.7638363429885
8.806,-8.72837996633067
8.812,-8.69323124923927
8.818,-8.65838861358255
8.824,-8.62385042409409
8.83,-8.58961499208507
8.836,-8.55568057899411
8.842,-8.52204539978088
8.848,-8.48870762616952
8.854,-8.4556653897477
8.86,-8.42291678492699
8.866,-8.39045987176987
8.872,-8.35829267868892
8.878,-8.32641320502295
8.884,-8.29481942349527
8.89,-8.2635092825586
8.896,-8.23248070863135
8.902,-8.20173160822959
8.908,-8.17125986999901
8.914,-8.14106336665089
8.92,-8.11113995680603
8.926,-8.08148748675043
8.932,-8.05210379210644
8.938,-8.02298669942273
8.944,-7.99413402768657
8.95,-7.9655435897616
8.956,-7.93721319375429
8.962,-7.90914064431195
8.968,-7.88132374385528
8.974,-7.8537602937482
8.98,-7.82644809540756
8.986,-7.79938495135537
8.992,-7.77256866621593
8.998,-7.74599704766025
9.004,-7.71966790729998
9.01,-7.69357906153304
9.016,-7.66772833234314
9.022,-7.64211354805489
9.028,-7.61673254404677
9.034,-7.59158316342357
9.04,-7.56666325765013
9.046,-7.5419706871481
9.052,-7.51750332185727
9.058,-7.49325904176309
9.064,-7.46923573739191
9.07,-7.44543131027523
9.076,-7.42184367338449
9.082,-7.39847075153757
9.088,-7.37531048177844
9.094,-7.35236081373102
9.1,-7.32961970992844
9.106,-7.30708514611881
9.112,-7.2847551115487
9.118,-7.26262760922516
9.124,-7.24070065615733
9.13,-7.21897228357858
9.136,-7.19744053715019
9.142,-7.17610347714719
9.148,-7.15495917862745
9.154,-7.13400573158458
9.16,-7.11324124108557
9.166,-7.09266382739383
9.172,-7.07227162607832
9.178,-7.0520627881094
9.184,-7.03203547994218
9.19,-7.01218788358778
9.196,-6.99251819667324
9.202,-6.97302463249062
9.208,-6.95370542003574
9.214,-6.93455880403715
9.22,-6.91558304497587
9.226,-6.89677641909618
9.232,-6.87813721840817
9.238,-6.85966375068225
9.244,-6.84135433943622
9.25,-6.82320732391512
9.256,-6.80522105906446
9.262,-6.78739391549688
9.268,-6.76972427945295
9.274,-6.75221055275615
9.28,-6.73485115276251
9.286,-6.71764451230518
9.292,-6.70058907963408
9.298,-6.68368331835125
9.304,-6.66692570734175
9.31,-6.65031474070066
9.316,-6.63384892765632
9.322,-6.61752679249003
9.328,-6.60134687445248
9.334,-6.58530772767703
9.34,-6.56940792109022
9.346,-6.55364603831944
9.352,-6.53802067759826
9.358,-6.5225304516693
9.364,-6.50717398768504
9.37,-6.49194992710652
9.376,-6.47685692560034
9.382,-6.46189365293385
9.388,-6.44705879286885
9.394,-6.43235104305382
9.4,-6.41776911491487
9.406,-6.40331173354561
9.412,-6.38897763759576
9.418,-6.37476557915905
9.424,-6.3606743236601
9.43,-6.34670264974065
9.436,-6.33284934914512
9.442,-6.31911322660562
9.448,-6.3054930997265
9.454,-6.29198779886849
9.46,-6.2785961670326
9.466,-6.26531705974367
9.472,-6.25214934493389
9.478,-6.23909190282613
9.484,-6.22614362581731
9.49,-6.21330341836174
9.496,-6.20057019685459
9.502,-6.18794288951545
9.508,-6.17542043627218
9.514,-6.1630017886449
9.52,-6.15068590963035
9.526,-6.13847177358646
9.532,-6.1263583661175
9.538,-6.1143446839594
9.544,-6.10242973486572
9.55,-6.090612537494
9.556,-6.07889212129261
9.562,-6.06726752638823
9.568,-6.05573780347387
9.574,-6.04430201369742
9.58,-6.03295922855095
9.586,-6.02170852976056
9.592,-6.010549009177
9.598,-5.99947976866688
9.604,-5.98849992000465
9.61,-5.97760858476533
9.616,-5.96680489421795
9.622,-5.95608798921978
9.628,-5.94545702011127
9.634,-5.93491114661194
9.64,-5.92444953771686
9.646,-5.91407137159414
9.652,-5.90377583548309
9.658,-5.89356212559334
9.664,-5.88342944700468
9.67,-5.87337701356786
9.676,-5.86340404780618
9.682,-5.85350978081796
9.688,-5.84369345217983
9.694,-5.833954309851
9.7,-5.8242916100783
9.706,-5.8147046173021
9.712,-5.80519260406324
9.718,-5.79575485091062
9.724,-5.78639064630988
9.73,-5.77709928655286
9.736,-5.76788007566794
9.742,-5.75873232533132
9.748,-5.74965535477911
9.754,-5.74064849072038
9.76,-5.73171106725099
9.766,-5.72284242576845
9.772,-5.71404191488747
9.778,-5.70530889035653
9.784,-5.69664271497527
9.79,-5.6880427585127
9.796,-5.6795083976264
9.802,-5.67103901578241
9.808,-5.66263400317614
9.814,-5.65429275665404
9.82,-5.64601467963611
9.826,-5.63779918203931
9.832,-5.62964568020178
9.838,-5.62155359680788
9.844,-5.61352236081407
9.85,-5.60555140737565
9.856,-5.59764017777424
9.862,-5.58978811934614
9.868,-5.58199468541145
9.874,-5.57425933520403
9.88,-5.56658153380224
9.886,-5.55896075206045
9.892,-5.55139646654135
9.898,-5.54388815944903
9.904,-5.53643531856283
9.91,-5.52903743717198
9.916,-5.52169401401093
9.922,-5.5144045531955
9.928,-5.50716856415973
9.934,-5.49998556159349
9.94,-5.49285506538084
9.946,-5.48577660053899
9.952,-5.47874969715821
9.958,-5.47177389034219
9.964,-5.4648487201493
9.97,-5.45797373153443
9.976,-5.45114847429159
9.982,-5.44437250299714
9.988,-5.43764537695376
9.994,-5.43096666013499
10,-5.42433592113054
