"Freq [GHz]","dB(St(1,1)) []"
1,-7.96351884807938
1.006,-8.05333356643351
1.012,-7.79990617434943
1.018,-7.12843943019539
1.024,-6.39941418980306
1.03,-5.96907151800624
1.036,-5.8254849146314
1.042,-5.83304220328444
1.048,-5.90032048536521
1.054,-5.98442448342304
1.06,-6.06769685648999
1.066,-6.14351955238869
1.072,-6.20985541148021
1.078,-6.26650755274503
1.084,-6.31396961567271
1.09,-6.35294497368892
1.096,-6.3841504206701
1.102,-6.40824280394468
1.108,-6.425799382767
1.114,-6.43732169784768
1.12,-6.44324967968931
1.126,-6.44398028815327
1.132,-6.43988843268453
1.138,-6.43134951789737
1.144,-6.41876366816067
1.15,-6.40258192768659
1.156,-6.38333467394259
1.162,-6.36166215988944
1.168,-6.33834648623227
1.174,-6.31434334112629
1.18,-6.29081048387628
1.186,-6.26912820967709
1.192,-6.25090508249193
1.198,-6.23796048395091
1.204,-6.23227475790937
1.21,-6.23589901577063
1.216,-6.25082116695688
1.222,-6.27879311390517
1.228,-6.32113562746942
1.234,-6.37854948725971
1.24,-6.45096943920119
1.246,-6.53749649888306
1.252,-6.63643164957707
1.258,-6.74541232380101
1.264,-6.86162917263995
1.27,-6.98208309738061
1.276,-7.10383721118301
1.282,-7.22422574153305
1.288,-7.34099738656526
1.294,-7.45238785013283
1.3,-7.55712994672382
1.306,-7.6544173528975
1.312,-7.74384001357391
1.318,-7.82530713299038
1.324,-7.89896965199504
1.33,-7.96514976564552
1.336,-8.02428132577381
1.342,-8.07686227238882
1.348,-8.12341853449213
1.354,-8.16447794061778
1.36,-8.20055234074158
1.366,-8.23212614856181
1.372,-8.2596497037869
1.378,-8.28353611910428
1.384,-8.30416055079803
1.39,-8.32186108143194
1.396,-8.33694061342929
1.402,-8.34966934112631
1.408,-8.36028749926714
1.414,-8.36900818373478
1.42,-8.37602011189169
1.426,-8.38149024108878
1.432,-8.38556619967808
1.438,-8.38837850925911
1.444,-8.39004259303889
1.45,-8.39066057547003
1.456,-8.39032288451657
1.462,-8.38910967127418
1.468,-8.38709206316502
1.474,-8.38433326719634
1.48,-8.38088953927372
1.486,-8.37681103461089
1.492,-8.37214255309097
1.498,-8.36692419215017
1.504,-8.36119191846512
1.51,-8.35497806848381
1.516,-8.34831178668041
1.522,-8.34121940935151
1.528,-8.33372480081184
1.534,-8.32584964798939
1.54,-8.31761371866
1.546,-8.30903508789104
1.552,-8.3001303366763
1.558,-8.29091472623051
1.564,-8.28140235096409
1.57,-8.27160627276918
1.576,-8.2615386389098
1.582,-8.25121078551507
1.588,-8.24063332842004
1.594,-8.22981624287794
1.6,-8.21876893347605
1.606,-8.20750029542202
1.612,-8.19601876822317
1.618,-8.18433238265685
1.624,-8.17244880182155
1.63,-8.16037535696416
1.636,-8.14811907869712
1.642,-8.13568672414772
1.648,-8.12308480051967
1.654,-8.11031958549268
1.66,-8.09739714483828
1.666,-8.0843233475882
1.672,-8.07110387905516
1.678,-8.05774425197331
1.684,-8.04424981599722
1.69,-8.03062576577262
1.696,-8.01687714776989
1.702,-8.00300886605079
1.708,-7.98902568712114
1.714,-7.97493224400576
1.72,-7.96073303966752
1.726,-7.94643244987896
1.732,-7.93203472564308
1.738,-7.9175439952488
1.744,-7.90296426603698
1.75,-7.88829942594336
1.756,-7.87355324487683
1.762,-7.85872937598379
1.768,-7.84383135684212
1.774,-7.82886261062238
1.78,-7.81382644724771
1.786,-7.7987260645787
1.792,-7.78356454964475
1.798,-7.7683448799391
1.804,-7.75306992479052
1.81,-7.73774244682159
1.816,-7.72236510349979
1.822,-7.70694044878533
1.828,-7.69147093487676
1.834,-7.67595891405365
1.84,-7.66040664061345
1.846,-7.64481627289833
1.852,-7.62918987540629
1.858,-7.61352942097993
1.864,-7.5978367930654
1.87,-7.58211378803325
1.876,-7.56636211755274
1.882,-7.55058341101057
1.888,-7.53477921796511
1.894,-7.51895101062708
1.9,-7.50310018635774
1.906,-7.48722807017589
1.912,-7.47133591726533
1.918,-7.4554249154748
1.924,-7.43949618780261
1.93,-7.42355079485909
1.936,-7.40758973730016
1.942,-7.39161395822592
1.948,-7.37562434553885
1.954,-7.35962173425666
1.96,-7.3436069087754
1.966,-7.32758060507901
1.972,-7.31154351289222
1.978,-7.29549627777374
1.984,-7.27943950314797
1.99,-7.26337375227311
1.996,-7.24729955014468
2.002,-7.23121738533359
2.008,-7.21512771175823
2.014,-7.19903095039077
2.02,-7.18292749089786
2.026,-7.1668176932164
2.032,-7.1507018890654
2.038,-7.13458038339512
2.044,-7.11845345577485
2.05,-7.10232136172119
2.056,-7.08618433396842
2.062,-7.07004258368323
2.068,-7.05389630162576
2.074,-7.03774565925929
2.08,-7.02159080981094
2.086,-7.00543188928581
2.092,-6.98926901743709
2.098,-6.97310229869456
2.104,-6.95693182305429
2.11,-6.94075766693189
2.116,-6.92457989398212
2.122,-6.90839855588735
2.128,-6.89221369311754
2.134,-6.87602533566432
2.14,-6.85983350375174
2.146,-6.84363820852617
2.152,-6.82743945272803
2.158,-6.8112372313476
2.164,-6.79503153226763
2.17,-6.77882233689487
2.176,-6.76260962078315
2.182,-6.74639335425012
2.188,-6.73017350299014
2.194,-6.71395002868536
2.2,-6.69772288961741
2.206,-6.68149204128169
2.212,-6.66525743700648
2.218,-6.64901902857895
2.224,-6.63277676688011
2.23,-6.61653060253071
2.236,-6.6002804865501
2.242,-6.58402637102994
2.248,-6.56776820982476
2.254,-6.55150595926114
2.26,-6.53523957886743
2.266,-6.51896903212579
2.272,-6.50269428724836
2.278,-6.48641531797923
2.284,-6.47013210442395
2.29,-6.45384463390835
2.296,-6.43755290186803
2.302,-6.42125691277043
2.308,-6.40495668107079
2.314,-6.38865223220355
2.32,-6.37234360361066
2.326,-6.35603084580812
2.332,-6.33971402349213
2.338,-6.32339321668598
2.344,-6.30706852192893
2.35,-6.29074005350813
2.356,-6.27440794473445
2.362,-6.25807234926325
2.368,-6.24173344246071
2.374,-6.22539142281627
2.38,-6.20904651340185
2.386,-6.1926989633779
2.392,-6.17634904954654
2.398,-6.15999707795177
2.404,-6.14364338552621
2.41,-6.12728834178417
2.416,-6.11093235056005
2.422,-6.09457585179104
2.428,-6.07821932334298
2.434,-6.06186328287736
2.44,-6.04550828975781
2.446,-6.02915494699345
2.452,-6.01280390321642
2.458,-5.99645585469034
2.464,-5.98011154734611
2.47,-5.96377177884085
2.476,-5.94743740063527
2.482,-5.9311093200845
2.488,-5.91478850253635
2.494,-5.89847597343086
2.5,-5.88217282039409
2.506,-5.86588019531861
2.512,-5.84959931642233
2.518,-5.83333147027674
2.524,-5.81707801379505
2.53,-5.80084037616956
2.536,-5.78462006074746
2.542,-5.76841864683302
2.548,-5.75223779140367
2.554,-5.73607923072662
2.56,-5.71994478186213
2.566,-5.70383634403847
2.572,-5.68775589988342
2.578,-5.67170551649612
2.584,-5.6556873463427
2.59,-5.63970362795859
2.596,-5.62375668643973
2.602,-5.60784893370492
2.608,-5.59198286851075
2.614,-5.57616107620079
2.62,-5.56038622817038
2.626,-5.54466108102855
2.632,-5.52898847543877
2.638,-5.51337133462046
2.644,-5.49781266249402
2.65,-5.48231554145252
2.656,-5.46688312974427
2.662,-5.45151865845164
2.668,-5.43622542805278
2.674,-5.42100680455432
2.68,-5.40586621518523
2.686,-5.39080714364372
2.692,-5.37583312489154
2.698,-5.36094773949245
2.704,-5.34615460749439
2.71,-5.33145738185775
2.716,-5.31685974143556
2.722,-5.30236538351436
2.728,-5.28797801592859
2.734,-5.27370134876448
2.74,-5.25953908567367
2.746,-5.24549491482062
2.752,-5.23157249949154
2.758,-5.21777546839708
2.764,-5.20410740570452
2.77,-5.19057184083944
2.776,-5.17717223810036
2.782,-5.16391198613363
2.788,-5.15079438731926
2.794,-5.13782264712111
2.8,-5.12499986345825
2.806,-5.11232901615604
2.812,-5.09981295653797
2.818,-5.08745439722024
2.824,-5.07525590217261
2.83,-5.0632198771088
2.836,-5.05134856027017
2.842,-5.03964401366487
2.848,-5.02810811482399
2.854,-5.0167425491334
2.86,-5.00554880279786
2.866,-4.99452815649033
2.872,-4.98368167973541
2.878,-4.97301022607157
2.884,-4.96251442903163
2.89,-4.95219469897535
2.896,-4.94205122080224
2.902,-4.93208395256613
2.908,-4.92229262500673
2.914,-4.91267674200623
2.92,-4.90323558197235
2.926,-4.89396820014212
2.932,-4.88487343179365
2.938,-4.8759498963464
2.944,-4.86719600232379
2.95,-4.85860995314564
2.956,-4.85018975371187
2.962,-4.84193321773346
2.968,-4.83383797576137
2.974,-4.82590148385987
2.98,-4.81812103286649
2.986,-4.81049375817775
2.992,-4.80301664999681
2.998,-4.79568656397766
3.004,-4.78850023219851
3.01,-4.78145427439707
3.016,-4.77454520939967
3.022,-4.76776946667739
3.028,-4.76112339796324
3.034,-4.75460328886617
3.04,-4.74820537042036
3.046,-4.74192583051037
3.052,-4.73576082511666
3.058,-4.72970648932881
3.064,-4.72375894807815
3.07,-4.71791432654519
3.076,-4.71216876020195
3.082,-4.70651840445312
3.088,-4.70095944384501
3.094,-4.69548810081536
3.1,-4.69010064396167
3.106,-4.68479339581016
3.112,-4.67956274007158
3.118,-4.67440512837434
3.124,-4.66931708646932
3.13,-4.66429521990433
3.136,-4.65933621916996
3.142,-4.65443686432137
3.148,-4.64959402908394
3.154,-4.64480468445315
3.16,-4.64006590180155
3.166,-4.63537485550777
3.172,-4.63072882512447
3.178,-4.62612519710363
3.184,-4.62156146609891
3.19,-4.61703523586595
3.196,-4.61254421978215
3.202,-4.60808624100835
3.208,-4.60365923231485
3.214,-4.59926123559478
3.22,-4.59489040108752
3.226,-4.59054498633498
3.232,-4.5862233548931
3.238,-4.5819239748205
3.244,-4.57764541696577
3.25,-4.57338635307426
3.256,-4.56865096354374
3.262,-4.56389032450162
3.268,-4.55910461128561
3.274,-4.55429410340795
3.28,-4.54945918286672
3.286,-4.54460033253793
3.292,-4.53971813464303
3.298,-4.53481326928654
3.304,-4.5298865130586
3.31,-4.52493873769705
3.316,-4.51997090880385
3.322,-4.51498408461043
3.328,-4.50997941478691
3.334,-4.50495813928966
3.34,-4.49992158724221
3.346,-4.49487117584395
3.352,-4.48980840930176
3.358,-4.48473487777895
3.364,-4.4796522563567
3.37,-4.47456230400249
3.376,-4.46946686254057
3.382,-4.4643678556194
3.388,-4.45926728767079
3.394,-4.45416724285595
3.4,-4.44906988399339
3.406,-4.44397745146372
3.412,-4.43889226208671
3.418,-4.43381670796577
3.424,-4.42875325529522
3.43,-4.42370444312587
3.436,-4.41867288208459
3.442,-4.41366125304343
3.448,-4.40867230573447
3.454,-4.40370885730613
3.46,-4.39877379081756
3.466,-4.39387005366719
3.472,-4.38900065595245
3.478,-4.38416866875727
3.484,-4.37937722236472
3.49,-4.3746295043921
3.496,-4.36992875784616
3.502,-4.36527827909658
3.508,-4.36068141576592
3.514,-4.35614156453479
3.52,-4.35166216886117
3.526,-4.34724671661338
3.532,-4.34289873761653
3.538,-4.33862180111241
3.544,-4.33441951313373
3.55,-4.33029551379354
3.556,-4.32625347449149
3.562,-4.32229709503872
3.568,-4.31843010070382
3.574,-4.31465623918293
3.58,-4.31097927749704
3.586,-4.30740299882049
3.592,-4.30393119924499
3.598,-4.30056768448383
3.604,-4.29731626652161
3.61,-4.29418076021519
3.616,-4.29116497985194
3.622,-4.28827273567202
3.628,-4.28550783036152
3.634,-4.2828740555241
3.64,-4.28037518813861
3.646,-4.27801498701116
3.652,-4.27579718922988
3.658,-4.27372550663109
3.664,-4.27180362228614
3.67,-4.27003518701778
3.676,-4.26842381595577
3.682,-4.26697308514107
3.688,-4.26568652818827
3.694,-4.26456763301602
3.7,-4.26361983865489
3.706,-4.26284653214258
3.712,-4.26225104551567
3.718,-4.26183665290741
3.724,-4.26160656776066
3.73,-4.26156394016482
3.736,-4.26171185432528
3.742,-4.26205332617358
3.748,-4.26259130112615
3.754,-4.26332865199869
3.76,-4.26426817708327
3.766,-4.26541259839411
3.772,-4.2667645600879
3.778,-4.26832662706346
3.784,-4.27010128374518
3.79,-4.27209093305378
3.796,-4.27429789556725
3.802,-4.27672440887412
3.808,-4.27937262712035
3.814,-4.28224462075023
3.82,-4.28534237644118
3.826,-4.28866779723118
3.832,-4.2922227028368
3.838,-4.29600883015918
3.844,-4.30002783397413
3.85,-4.30428128780205
3.856,-4.30877068495227
3.862,-4.31349743973565
3.868,-4.31846288883877
3.874,-4.32366829285191
3.88,-4.32911483794232
3.886,-4.33480363766393
3.892,-4.34073573489335
3.898,-4.34691210388185
3.904,-4.35333365241207
3.91,-4.3600012240475
3.916,-4.36691560046252
3.922,-4.37407750383973
3.928,-4.38148759932095
3.934,-4.38914649749772
3.94,-4.39705475692627
3.946,-4.40521288665175
3.952,-4.41362134872531
3.958,-4.42228056069769
3.964,-4.4311908980716
3.97,-4.44035269669484
3.976,-4.44976625507534
3.982,-4.45943183659792
3.988,-4.46934967162235
3.994,-4.47951995944031
4,-4.48994287006817
4.006,-4.50061854585081
4.012,-4.51154710284982
4.018,-4.52272863198787
4.024,-4.53416319991832
4.03,-4.54585084958673
4.036,-4.55779160044795
4.042,-4.56998544829879
4.048,-4.58243236468205
4.054,-4.59513229581355
4.06,-4.60808516097738
4.066,-4.6212908503292
4.072,-4.63474922203948
4.078,-4.64846009870022
4.084,-4.66242326290914
4.09,-4.67663845193375
4.096,-4.6911053513448
4.102,-4.70582358749359
4.108,-4.72079271869013
4.114,-4.73601222491927
4.12,-4.75148149590881
4.126,-4.76719981733683
4.132,-4.7831663549351
4.138,-4.79938013621004
4.144,-4.81584002946201
4.15,-4.83254471973724
4.156,-4.84949268129302
4.162,-4.86668214609516
4.168,-4.88411106779666
4.174,-4.90177708056564
4.18,-4.91967745203896
4.186,-4.93780902957382
4.192,-4.95616817885105
4.198,-4.97475071375109
4.204,-4.99355181627421
4.21,-5.01256594511124
4.216,-5.03178673128854
4.222,-5.05120685911359
4.228,-5.07081793043694
4.234,-5.09061031002769
4.24,-5.11057294964096
4.246,-5.13069318814982
4.252,-5.15095652494005
4.258,-5.17134636365144
4.264,-5.19184372333517
4.27,-5.21242691423915
4.276,-5.23307117581084
4.282,-5.25374827522726
4.288,-5.27442606596852
4.294,-5.29506800783472
4.3,-5.31563265261324
4.306,-5.33607310364835
4.312,-5.35633646323295
4.318,-5.37636328949428
4.324,-5.39608709479865
4.33,-5.41543393119142
4.336,-5.43432212549248
4.342,-5.45266224765244
4.348,-5.470357420669
4.354,-5.48730410780184
4.36,-5.50339354076251
4.366,-5.51851397684233
4.372,-5.532553986846
4.378,-5.54540696934587
4.384,-5.55697704705012
4.39,-5.56718641255432
4.396,-5.57598403832055
4.402,-5.58335543970515
4.408,-5.58933288366055
4.414,-5.59400509529241
4.42,-5.59752518625164
4.426,-5.60011530152792
4.432,-5.6020664636347
4.438,-5.60373238601274
4.444,-5.60551667917137
4.45,-5.60785383545833
4.456,-5.61118548482466
4.462,-5.61593440329437
4.468,-5.62247934710291
4.474,-5.63113378099104
4.48,-5.64213093922134
4.486,-5.65561656179767
4.492,-5.67164937718162
4.498,-5.69020827126374
4.504,-5.71120432256424
4.51,-5.73449558648083
4.516,-5.75990263063355
4.522,-5.7872232252931
4.528,-5.81624511943286
4.534,-5.84675635094472
4.54,-5.87855296463334
4.546,-5.91144430908488
4.552,-5.9452562559188
4.558,-5.97983275570084
4.564,-6.01503614444223
4.57,-6.0507465718057
4.576,-6.08686085942718
4.582,-6.12329103058829
4.588,-6.15996269003503
4.594,-6.19681337953088
4.6,-6.23379099214065
4.606,-6.27085229581518
4.612,-6.3079615932414
4.618,-6.34508952847771
4.624,-6.38221203998715
4.63,-6.4193094528837
4.636,-6.45636569934971
4.642,-6.49336765435487
4.648,-6.53030457332275
4.654,-6.56716761875366
4.66,-6.60394946367088
4.666,-6.64064396087206
4.672,-6.67724586817953
4.678,-6.71375062109303
4.684,-6.75015414539499
4.69,-6.78645270331046
4.696,-6.822642767766
4.702,-6.85872092012189
4.708,-6.89468376747386
4.714,-6.93052787624207
4.72,-6.96624971929619
4.726,-7.00184563431676
4.732,-7.03731179147412
4.738,-7.07264416882777
4.744,-7.10783853411835
4.75,-7.14289043185021
4.756,-7.17779517475151
4.762,-7.21254783885583
4.768,-7.24714326158056
4.774,-7.28157604228653
4.78,-7.31584054489372
4.786,-7.34993090220334
4.792,-7.38384102163891
4.798,-7.41756459217071
4.804,-7.45109509223043
4.81,-7.4844257984585
4.816,-7.5175497951555
4.822,-7.55045998433274
4.828,-7.58314909627713
4.834,-7.61560970056103
4.84,-7.6478342174411
4.846,-7.67981492960032
4.852,-7.71154399419616
4.858,-7.74301345518417
4.864,-7.77421525589164
4.87,-7.80514125181995
4.876,-7.83578322365713
4.882,-7.86613289048437
4.888,-7.89618192316145
4.894,-7.92592195787698
4.9,-7.95534460984977
4.906,-7.98444148716725
4.912,-8.01320420474675
4.918,-8.04162439840461
4.924,-8.06969373901726
4.93,-8.09740394675714
4.936,-8.12474680538556
4.942,-8.15171417658267
4.948,-8.17829801429406
4.954,-8.20449037907154
4.96,-8.23028345238463
4.966,-8.25566955087772
4.972,-8.28064114054674
4.978,-8.30519085080761
4.984,-8.32931148842789
4.99,-8.35299605129183
4.996,-8.37623774196784
5.002,-8.3990299810471
5.008,-8.42136642022066
5.014,-8.44324095506238
5.02,-8.46464773748445
5.026,-8.48558118783196
5.032,-8.50603600658322
5.038,-8.5260071856223
5.044,-8.54549001905113
5.05,-8.56448011350863
5.056,-8.58297339796518
5.062,-8.60096613296197
5.068,-8.61845491926544
5.074,-8.63543670590891
5.08,-8.65190879759453
5.086,-8.6678688614307
5.092,-8.68331493298191
5.098,-8.69824542160999
5.104,-8.71265911508793
5.11,-8.7265551834699
5.116,-8.73993318220334
5.122,-8.75279305447186
5.128,-8.76513513276
5.134,-8.77696013963413
5.14,-8.78826918773595
5.146,-8.79906377898858
5.152,-8.80934580301749
5.158,-8.8191175347918
5.164,-8.8283816314942
5.17,-8.83714112863043
5.176,-8.84539943539225
5.182,-8.85316032929039
5.188,-8.86042795007656
5.194,-8.86720679297612
5.2,-8.87350170125542
5.206,-8.87931785815005
5.212,-8.88466077818217
5.218,-8.88953629789737
5.224,-8.89395056605279
5.23,-8.89791003329034
5.236,-8.90142144132969
5.242,-8.90449181171745
5.248,-8.90712843416955
5.254,-8.90933885454479
5.26,-8.91113086248831
5.266,-8.91251247878369
5.272,-8.91349194245324
5.278,-8.91407769764546
5.284,-8.91427838034882
5.29,-8.91410280497084
5.296,-8.91355995082038
5.302,-8.91265894853098
5.308,-8.91140906646202
5.314,-8.90981969711333
5.32,-8.90790034358825
5.326,-8.90566060613836
5.332,-8.90311016882236
5.338,-8.90025878630964
5.344,-8.89711627085799
5.35,-8.89369247949305
5.356,-8.88999730141565
5.362,-8.88604064566142
5.368,-8.88183242903528
5.374,-8.87738256434192
5.38,-8.87270094893126
5.386,-8.86779745357643
5.392,-8.86268191170005
5.398,-8.85736410896243
5.404,-8.85185377322425
5.41,-8.84616056489412
5.416,-8.84029406766983
5.422,-8.8342637796807
5.428,-8.82807910503678
5.434,-8.82174934578905
5.44,-8.81528369430349
5.446,-8.80869122605041
5.452,-8.80198089280929
5.458,-8.79516151628786
5.464,-8.78824178215329
5.47,-8.78123023447201
5.476,-8.77413527055392
5.482,-8.76696513619543
5.488,-8.75972792131544
5.494,-8.75243155597689
5.5,-8.74508380678646
5.506,-8.73783266662882
5.512,-8.73049412699801
5.518,-8.72307179819702
5.524,-8.71556924289169
5.53,-8.70798997625657
5.536,-8.70033746617464
5.542,-8.69261513348911
5.548,-8.68482635230569
5.554,-8.67697445034402
5.56,-8.66906270933643
5.566,-8.661094365473
5.572,-8.65307260989143
5.578,-8.64500058921064
5.584,-8.63688140610682
5.59,-8.62871811993121
5.596,-8.6205137473684
5.602,-8.61227126313456
5.608,-8.60399360071474
5.614,-8.5956836531388
5.62,-8.58734427379542
5.626,-8.57897827728376
5.632,-8.57058844030268
5.638,-8.56217750257736
5.644,-8.55374816782321
5.65,-8.54530310474745
5.656,-8.53684494808846
5.662,-8.52837629969343
5.668,-8.51989972963491
5.674,-8.51141777736694
5.68,-8.50293295292172
5.686,-8.49444773814785
5.692,-8.48596458799137
5.698,-8.47748593182117
5.704,-8.46901417480007
5.71,-8.46055169930372
5.716,-8.45210086638905
5.722,-8.44366401731458
5.728,-8.43524347511497
5.734,-8.42684154623243
5.74,-8.4184605222078
5.746,-8.41010268143435
5.752,-8.40177029097758
5.758,-8.39346560846445
5.764,-8.38519088404573
5.77,-8.37694836243546
5.776,-8.36874028503128
5.782,-8.36056889212024
5.788,-8.35243642517407
5.794,-8.34434512923859
5.8,-8.33629725542153
5.806,-8.32829506348329
5.812,-8.32034082453484
5.818,-8.31243682384686
5.824,-8.30458536377355
5.83,-8.29678876679447
5.836,-8.28904937867614
5.842,-8.28136957175496
5.848,-8.27375174834064
5.854,-8.26619834423796
5.86,-8.25871183238201
5.866,-8.25129472657858
5.872,-8.24394958533779
5.878,-8.23667901578334
5.884,-8.22948567761368
5.89,-8.22237228708296
5.896,-8.21534162095962
5.902,-8.20839652040779
5.908,-8.20153989472072
5.914,-8.19477472481612
5.92,-8.18810406637873
5.926,-8.18153105250555
5.932,-8.17505889567153
5.938,-8.16869088878779
5.944,-8.16243040506679
5.95,-8.15628089633874
5.956,-8.15024588937584
5.962,-8.14432897967347
5.968,-8.13853382200427
5.974,-8.13286411689662
5.98,-8.12732359198713
5.986,-8.12191597694735
5.992,-8.11664497037875
5.998,-8.11151419669448
6.004,-8.10652715054681
6.01,-8.10168712579871
6.016,-8.0969971253579
6.022,-8.09245974737038
6.028,-8.08807704228721
6.034,-8.08385033415201
6.04,-8.07977999809197
6.046,-8.07586518442834
6.052,-8.07210347806773
6.058,-8.06849047994757
6.064,-8.06501929539565
6.07,-8.06167991253021
6.076,-8.05845845261773
6.082,-8.05533627417252
6.088,-8.05228891437629
6.094,-8.04928485637223
6.1,-8.04628412092715
6.106,-8.04323669827006
6.112,-8.04008086367817
6.118,-8.03674146218008
6.124,-8.03312830717099
6.13,-8.0291349172568
6.136,-8.02463791453313
6.142,-8.01949751854844
6.148,-8.01355967523839
6.154,-8.00666042528006
6.16,-7.99863308931599
6.166,-7.98931866139803
6.172,-7.97857939136384
6.178,-7.96631487093842
6.184,-7.95247906844154
6.19,-7.93709585988792
6.196,-7.92026998646653
6.202,-7.9021903918053
6.208,-7.88312381354785
6.214,-7.86339828465484
6.22,-7.84337841254905
6.226,-7.82343623875807
6.232,-7.80392244979739
6.238,-7.78514238287301
6.244,-7.76733983532149
6.25,-7.75068972655678
6.256,-7.7352988451335
6.262,-7.72121270848129
6.268,-7.70842610979086
6.274,-7.69689509420034
6.28,-7.68654863533898
6.286,-7.67729892000781
6.292,-7.66904971938997
6.298,-7.66170274801933
6.304,-7.65516217508703
6.31,-7.6493375833056
6.316,-7.64414570812034
6.322,-7.63951127180728
6.328,-7.63536718136642
6.334,-7.63165430486067
6.34,-7.62832098870683
6.346,-7.62532243350119
6.352,-7.62262000986763
6.358,-7.62018056824461
6.364,-7.61797577630096
6.37,-7.61598150335005
6.376,-7.61417726133564
6.382,-7.61254570550702
6.388,-7.6110721938364
6.394,-7.6097444018317
6.4,-7.60855198812529
6.406,-7.60748630568617
6.412,-7.6065401534385
6.418,-7.60570756328508
6.424,-7.6049836179056
6.43,-7.60436429514327
6.436,-7.60384633525773
6.442,-7.60342712777562
6.448,-7.60310461509444
6.454,-7.60287721038113
6.46,-7.60274372765205
6.466,-7.602703322224
6.472,-7.60275543999059
6.478,-7.60289977420692
6.484,-7.60313622866194
6.49,-7.60346488628614
6.496,-7.60388598238561
6.502,-7.60439988181576
6.508,-7.60500705951147
6.514,-7.60570808387855
6.52,-7.60650360262604
6.526,-7.60739433068172
6.532,-7.60838103988721
6.538,-7.60946455021393
6.544,-7.61064572227991
6.55,-7.61192545097991
6.556,-7.61330466006878
6.562,-7.61478429756181
6.568,-7.61636533183533
6.574,-7.61804874832797
6.58,-7.61983554675735
6.586,-7.62172673877924
6.592,-7.62372334602657
6.598,-7.6258263984747
6.604,-7.62803693308707
6.61,-7.63035599270142
6.616,-7.63278462512297
6.622,-7.63532388239508
6.628,-7.63797482022258
6.634,-7.64073849752589
6.64,-7.64361597610761
6.646,-7.64660832041539
6.652,-7.64971659738743
6.658,-7.65294187636885
6.664,-7.6562852290885
6.67,-7.6597477296878
6.676,-7.66333045479379
6.682,-7.6670344836303
6.688,-7.67086089816142
6.694,-7.67481078326289
6.7,-7.67888522691733
6.706,-7.68308532042988
6.712,-7.68741215866175
6.718,-7.69186684027911
6.724,-7.69645046801563
6.73,-7.70116414894722
6.736,-7.70600899477767
6.742,-7.71098612213476
6.748,-7.71609665287596
6.754,-7.72134171440392
6.76,-7.72672243999153
6.766,-7.73223996911715
6.772,-7.73789544781045
6.778,-7.74369002900999
6.784,-7.74962487293358
6.79,-7.75570114746296
6.796,-7.76192002854482
6.802,-7.76828270061013
6.808,-7.77479035701461
6.814,-7.78144420050332
6.82,-7.78824544370301
6.826,-7.79519530964646
6.832,-7.80229503233358
6.838,-7.80954585733513
6.844,-7.81694904244545
6.85,-7.82450585839208
6.856,-7.83221758961111
6.862,-7.84008553509869
6.868,-7.84811100935115
6.874,-7.85629534340787
6.88,-7.864639886014
6.886,-7.87314600492289
6.892,-7.88181508836194
6.898,-7.89064854669003
6.904,-7.89964781427995
6.91,-7.90881435166594
6.916,-7.91814964800472
6.922,-7.92765522390798
6.928,-7.93733263471691
6.934,-7.9471834743047
6.94,-7.95720937951191
6.946,-7.96741203534401
6.952,-7.97779318109058
6.958,-7.98835461756506
6.964,-7.99909821571314
6.97,-8.0100259269026
6.976,-8.02113979529094
6.982,-8.03244197277654
6.988,-8.0439347371838
6.994,-8.05562051452597
7,-8.06750190644834
7.006,-8.07958172430745
7.012,-8.09186303182664
7.018,-8.10434919894071
7.024,-8.11704397038935
7.03,-8.12995155396771
7.036,-8.14307673529217
7.042,-8.15642502880024
7.048,-8.17000287897295
7.054,-8.18381793225269
7.06,-8.19787941017196
7.066,-8.21219863009085
7.072,-8.22678974563403
7.078,-8.24167082150689
7.084,-8.25686542981195
7.09,-8.27240508153052
7.096,-8.28833303362385
7.102,-8.30471042686091
7.108,-8.32162646866321
7.114,-8.33921568154584
7.12,-8.35768675641615
7.126,-8.37736318239794
7.132,-8.39866627892722
7.138,-8.42117029272309
7.144,-8.42755398078076
7.15,-8.17817696490077
7.156,-8.29211496053306
7.162,-8.38175794697931
7.168,-8.42491007012875
7.174,-8.45499278652061
7.18,-8.48006601376943
7.186,-8.502822796288
7.192,-8.52439239248925
7.198,-8.54532618056712
7.204,-8.56592408672988
7.21,-8.58636294600569
7.216,-8.60675374558375
7.222,-8.62716972094364
7.228,-8.64766122637417
7.234,-8.66826409976731
7.24,-8.6890046101122
7.246,-8.70990250951993
7.252,-8.73097298449536
7.258,-8.7522279423789
7.264,-8.77367688237563
7.27,-8.79532749919836
7.276,-8.81718611003917
7.282,-8.83925796205927
7.288,-8.86154745737201
7.294,-8.88405831996984
7.3,-8.90679372109714
7.306,-8.92975637441202
7.312,-8.95294860886639
7.318,-8.97637242493252
7.324,-9.00002953822698
7.33,-9.02392141348563
7.336,-9.04804929106884
7.342,-9.07241420762215
7.348,-9.09701701211715
7.354,-9.12185837820368
7.36,-9.14693881358793
7.366,-9.17225866698825
7.372,-9.19781813309928
7.378,-9.22361725590107
7.384,-9.24965593057926
7.39,-9.27593390426705
7.396,-9.30245077577698
7.402,-9.32920599445653
7.408,-9.35619885827559
7.414,-9.38342851123202
7.42,-9.41089394014551
7.426,-9.43859397089533
7.432,-9.46652726414769
7.438,-9.49469231060836
7.444,-9.52308742582983
7.45,-9.55171074459547
7.456,-9.58056021489859
7.462,-9.60963359153003
7.468,-9.63892842928411
7.474,-9.66844207579033
7.48,-9.69817166397509
7.486,-9.72811410415603
7.492,-9.75826607576959
7.498,-9.78862401873066
7.504,-9.81918412442222
7.51,-9.84994232631118
7.516,-9.8808942901863
7.522,-9.91203540401274
7.528,-9.94336076739725
7.534,-9.97486518065786
7.54,-10.006543133491
7.546,-10.0383887932294
7.552,-10.0703959926834
7.558,-10.1025582175601
7.564,-10.134868593452
7.57,-10.1673198723919
7.576,-10.1999044189679
7.582,-10.2326141959952
7.588,-10.2654407497447
7.594,-10.2983751947262
7.6,-10.3314081980322
7.606,-10.364529963246
7.612,-10.3977302139262
7.618,-10.430998176681
7.624,-10.4643225638521
7.63,-10.4976915558355
7.636,-10.5310927830706
7.642,-10.5645133077407
7.648,-10.5979396052345
7.654,-10.631357545431
7.66,-10.6647523738804
7.666,-10.6981086929695
7.672,-10.7314104431718
7.678,-10.7646408845014
7.684,-10.7977825783086
7.69,-10.8308173695711
7.696,-10.8637263698607
7.702,-10.8964899411844
7.708,-10.929087680925
7.714,-10.9614984081307
7.72,-10.9937001514299
7.726,-11.0256701388733
7.732,-11.0573847900335
7.738,-11.0888197107173
7.744,-11.1199496906723
7.75,-11.1507487046944
7.756,-11.1811899175596
7.762,-11.2112456932285
7.768,-11.2408876087769
7.774,-11.2700864735225
7.78,-11.298812353811
7.786,-11.3270346039243
7.792,-11.3547219035565
7.798,-11.3818423022757
7.804,-11.408363271358
7.81,-11.4342517633266
7.816,-11.4594742794748
7.822,-11.4839969455698
7.828,-11.5077855958571
7.834,-11.5308058653759
7.84,-11.5530232904936
7.846,-11.5744034174365
7.852,-11.5949119184676
7.858,-11.6145147152187
7.864,-11.6331781085406
7.87,-11.6508689140884
7.876,-11.6675546027127
7.882,-11.6832034445865
7.888,-11.6977846558663
7.894,-11.711268546567
7.9,-11.7236266682253
7.906,-11.7348319598468
7.912,-11.7448588905712
7.918,-11.7536835974579
7.924,-11.7612840167922
7.93,-11.7676400073351
7.936,-11.7727334640021
7.942,-11.7765484205379
7.948,-11.7790711398753
7.954,-11.7802901910081
7.96,-11.780196511375
7.966,-11.7787834539402
7.972,-11.7760468183602
7.978,-11.7719848658409
7.984,-11.7665983175091
7.99,-11.759890336345
7.996,-11.7518664929386
8.002,-11.7425347155416
8.008,-11.7319052250801
8.014,-11.7199904559697
8.02,-11.7068049637326
8.026,-11.6923653205487
8.032,-11.6766899999805
8.038,-11.659799252198
8.044,-11.641714971085
8.05,-11.6224605546428
8.056,-11.6020607601177
8.062,-11.5805415552648
8.068,-11.5579299671313
8.074,-11.5342539296912
8.08,-11.509542131601
8.086,-11.483823865271
8.092,-11.457128878361
8.098,-11.429487228718
8.104,-11.400929143679
8.11,-11.3714848845625
8.116,-11.3411846170762
8.122,-11.310058288269
8.128,-11.2781355105657
8.134,-11.2454454533291
8.14,-11.2120167423102
8.146,-11.1778773672683
8.152,-11.1430545979659
8.158,-11.107574908676
8.164,-11.0714639112748
8.17,-11.0347462969354
8.176,-10.9974457863842
8.182,-10.9595850886354
8.188,-10.9211858680714
8.194,-10.882268719702
8.2,-10.8428531523942
8.206,-10.8029575798351
8.212,-10.7625993189557
8.218,-10.7217945955218
8.224,-10.6805585565644
8.23,-10.6389052893064
8.236,-10.5968478462142
8.242,-10.5543982757863
8.248,-10.5115676586722
8.254,-10.4683661486955
8.26,-10.4248030183445
8.266,-10.3808867082765
8.272,-10.3366248803735
8.278,-10.2920244738761
8.284,-10.2470917641184
8.29,-10.201832423378
8.296,-10.1562515833592
8.302,-10.1103538988234
8.308,-10.0641436118883
8.314,-10.0176246165231
8.32,-9.97080052277686
8.326,-9.92367472029184
8.332,-9.87625044066833
8.338,-9.82853081826819
8.344,-9.78051894906654
8.35,-9.73221794718583
8.356,-9.68363099877518
8.362,-9.63476141292721
8.368,-9.58561266935788
8.374,-9.53618846260799
8.38,-9.48649274256116
8.386,-9.43652975110924
8.392,-9.38630405483315
8.398,-9.33582057360449
8.404,-9.28508460505046
8.41,-9.23410184486066
8.416,-9.1828784029501
8.422,-9.13142081552656
8.428,-9.0797360531427
8.434,-9.02783152484349
8.44,-8.97571507854753
8.446,-8.9233949978258
8.452,-8.87087999526425
8.458,-8.81817920261597
8.464,-8.76530215796542
8.47,-8.71225879014073
8.476,-8.65905940062073
8.482,-8.6057146431905
8.488,-8.55223550160446
8.494,-8.49863326551713
8.5,-8.4449195049412
8.506,-8.39110604348926
8.512,-8.33720493064968
8.518,-8.28322841333969
8.524,-8.22918890696896
8.53,-8.17509896623629
8.536,-8.12097125586935
8.542,-8.06681852150404
8.548,-8.0126535608855
8.554,-7.95848919555835
8.56,-7.90433824319755
8.566,-7.85021349071682
8.572,-7.79612766827475
8.578,-7.74209342428434
8.584,-7.68812330151591
8.59,-7.63422971436942
8.596,-7.58042492737709
8.602,-7.52672103498493
8.608,-7.47312994264827
8.614,-7.41966334926513
8.62,-7.36633273095957
8.626,-7.3131493262177
8.632,-7.26012412236941
8.638,-7.20726784340035
8.644,-7.15459093907194
8.65,-7.10210357531958
8.656,-7.04981562589445
8.662,-6.99773666520868
8.668,-6.94587596234002
8.674,-6.89424247614828
8.68,-6.84284485145336
8.686,-6.79169141622259
8.692,-6.74079017971339
8.698,-6.69014883151665
8.704,-6.6397747414453
8.71,-6.58967496021295
8.716,-6.53985622084742
8.722,-6.49032494078529
8.728,-6.44108722459367
8.734,-6.39214886726758
8.74,-6.34351535805234
8.746,-6.29519188474205
8.752,-6.2471833384071
8.758,-6.19949431850567
8.764,-6.15212913833609
8.77,-6.10509183078902
8.776,-6.05838615436064
8.782,-6.01201559938992
8.788,-5.96598339448563
8.794,-5.92029251311035
8.8,-5.87494568029133
8.806,-5.82994537942969
8.812,-5.78529385918181
8.818,-5.74099314038845
8.824,-5.69704502302934
8.83,-5.65345109318223
8.836,-5.61021272996793
8.842,-5.56733111246375
8.848,-5.52480722656995
8.854,-5.48264187181489
8.86,-5.44083566808629
8.866,-5.39938906227705
8.872,-5.35830233483575
8.878,-5.31757560621271
8.884,-5.27720884319397
8.89,-5.23720186511616
8.896,-5.19755434995676
8.902,-5.15826584029453
8.908,-5.11933574913627
8.914,-5.08076336560635
8.92,-5.04254786049653
8.926,-5.00468829167398
8.932,-4.96718360934624
8.938,-4.93003266118209
8.944,-4.89323419728805
8.95,-4.85678687504051
8.956,-4.82068926377415
8.962,-4.78493984932718
8.968,-4.74953703844482
8.974,-4.71447916304223
8.98,-4.67976448432875
8.986,-4.64539119679533
8.992,-4.61135743206715
8.998,-4.57766126262384
9.004,-4.54430070538957
9.01,-4.51127372519582
9.016,-4.47857823811913
9.022,-4.44621211469691
9.028,-4.41417318302375
9.034,-4.3824592317315
9.04,-4.35106801285573
9.046,-4.31999724459141
9.052,-4.28924461394123
9.058,-4.25880777925883
9.064,-4.22868437269052
9.07,-4.19887200251792
9.076,-4.1693682554048
9.082,-4.14017069855069
9.088,-4.11127688175436
9.094,-4.08268433938986
9.1,-4.05439059229792
9.106,-4.02639314959535
9.112,-3.99868951040535
9.118,-3.9712771655111
9.124,-3.94415359893531
9.13,-3.91731628944833
9.136,-3.89076271200712
9.142,-3.86449033912765
9.148,-3.83849664219295
9.154,-3.81277909269913
9.16,-3.78733516344167
9.166,-3.76216232964405
9.172,-3.73725807003087
9.178,-3.71261986784754
9.184,-3.68824521182848
9.19,-3.6641315971157
9.196,-3.6402765261299
9.202,-3.61667750939554
9.208,-3.59333206632189
9.214,-3.57023772594168
9.22,-3.54739202760907
9.226,-3.52479252165838
9.232,-3.50243677002531
9.238,-3.480322346832
9.244,-3.4584468389375
9.25,-3.4368078464549
9.256,-3.41540298323662
9.262,-3.39422987732904
9.268,-3.37328617139775
9.274,-3.35256952312476
9.28,-3.33207760557863
9.286,-3.31180810755877
9.292,-3.29175873391503
9.298,-3.27192720584355
9.304,-3.25231126115991
9.31,-3.23290865455053
9.316,-3.21371715780333
9.322,-3.19473456001852
9.328,-3.17595866780026
9.334,-3.1573873054303
9.34,-3.13901831502417
9.346,-3.12084955667073
9.352,-3.10287890855604
9.358,-3.08510426707191
9.364,-3.06752354691015
9.37,-3.05013468114299
9.376,-3.03293562129044
9.382,-3.01592433737503
9.388,-2.99909881796473
9.394,-2.98245707020446
9.4,-2.96599711983681
9.406,-2.94971701121251
9.412,-2.93361480729102
9.418,-2.91768858963201
9.424,-2.9019364583778
9.43,-2.88635653222758
9.436,-2.87094694840364
9.442,-2.85570586261001
9.448,-2.84063144898398
9.454,-2.82572190004094
9.46,-2.8109754266127
9.466,-2.79639025777984
9.472,-2.78196464079831
9.478,-2.76769684102062
9.484,-2.75358514181207
9.49,-2.739627844462
9.496,-2.7258232680907
9.502,-2.71216974955197
9.508,-2.69866564333185
9.514,-2.68530932144344
9.52,-2.67209917331843
9.526,-2.6590336056952
9.532,-2.64611104250405
9.538,-2.6333299247495
9.544,-2.62068871038996
9.55,-2.60818587421508
9.556,-2.59581990772069
9.562,-2.58358931898183
9.568,-2.57149263252376
9.574,-2.55952838919131
9.58,-2.54769514601657
9.586,-2.5359914760852
9.592,-2.52441596840143
9.598,-2.51296722775185
9.604,-2.50164387456819
9.61,-2.49044454478924
9.616,-2.47936788972187
9.622,-2.46841257590142
9.628,-2.45757728495155
9.634,-2.44686071344347
9.64,-2.43626157275497
9.646,-2.425778588929
9.652,-2.41541050253215
9.658,-2.40515606851295
9.664,-2.39501405606013
9.67,-2.38498324846096
9.676,-2.37506244295965
9.682,-2.36525045061591
9.688,-2.35554609616379
9.694,-2.34594821787079
9.7,-2.33645566739731
9.706,-2.32706730965656
9.712,-2.31778202267485
9.718,-2.30859869745249
9.724,-2.29951623782514
9.73,-2.29053356032585
9.736,-2.28164959404767
9.742,-2.272863280507
9.748,-2.26417357350759
9.754,-2.25557943900537
9.76,-2.24707985497399
9.766,-2.23867381127119
9.772,-2.23036030950604
9.778,-2.22213836290705
9.784,-2.21400699619108
9.79,-2.20596524543331
9.796,-2.19801215793802
9.802,-2.19014679211041
9.808,-2.18236821732931
9.814,-2.174675513821
9.82,-2.16706777253391
9.826,-2.1595440950144
9.832,-2.15210359328362
9.838,-2.14474538971532
9.844,-2.13746861691475
9.85,-2.13027241759868
9.856,-2.12315594447644
9.862,-2.11611836013205
9.868,-2.1091588369074
9.874,-2.10227655678663
9.88,-2.0954707112815
9.886,-2.08874050131794
9.892,-2.08208513712362
9.898,-2.07550383811673
9.904,-2.06899583279579
9.91,-2.06256035863063
9.916,-2.05619666195442
9.922,-2.04990399785686
9.928,-2.04368163007847
9.934,-2.03752883090598
9.94,-2.03144488106884
9.946,-2.0254290696368
9.952,-2.01948069391867
9.958,-2.0135990593621
9.964,-2.00778347945447
9.97,-2.00203327562494
9.976,-1.99634777714748
9.982,-1.99072632104507
9.988,-1.98516825199497
9.994,-1.97967292223497
10,-1.97423969147085
