"Freq [GHz]","dB(St(5,1)) []"
1,-16.6225780677087
1.006,-16.3228552906152
1.012,-16.0601037295919
1.018,-15.8483448370861
1.024,-15.6872617606554
1.03,-15.5704948423486
1.036,-15.4918256159839
1.042,-15.4398630375906
1.048,-15.4118560626
1.054,-15.4018258035915
1.06,-15.4058043482686
1.066,-15.4207473739525
1.072,-15.4442383385486
1.078,-15.4746449781724
1.084,-15.5104681659166
1.09,-15.550674588245
1.096,-15.5944499647879
1.102,-15.641207013259
1.108,-15.6899728787299
1.114,-15.7411868071484
1.12,-15.7939676010673
1.126,-15.8481327394408
1.132,-15.903458948125
1.138,-15.9598195730486
1.144,-13.8379762182719
1.15,-13.8229402587031
1.156,-13.813458350374
1.162,-13.8102659031344
1.168,-13.8127503913345
1.174,-14.074972755706
1.18,-12.9609647076867
1.186,-11.6147946367313
1.192,-8.86621445201575
1.198,-18.6296492603114
1.204,-17.2705132002543
1.21,-13.4874657349029
1.216,-11.3814532190662
1.222,-15.9948771406245
1.228,-16.72522819586
1.234,-16.8777511453177
1.24,-16.8734676581836
1.246,-16.8397977036471
1.252,-16.8267821137999
1.258,-16.8471644150403
1.264,-16.8900094295771
1.27,-16.9156901521699
1.276,-16.7408138324532
1.282,-14.2310914104805
1.288,-14.2559127319809
1.294,-14.2802803414095
1.3,-14.3037802791664
1.306,-14.3263959038534
1.312,-14.3480320996245
1.318,-14.3686547288027
1.324,-14.38820643882
1.33,-14.4066550006188
1.336,-14.4239618373367
1.342,-14.4400988259243
1.348,-14.455084498086
1.354,-14.4684611455795
1.36,-14.4810027263521
1.366,-14.4921637107176
1.372,-14.5020208010022
1.378,-14.5105666774943
1.384,-14.5177370596275
1.39,-14.5239125092029
1.396,-14.5284868714851
1.402,-14.5318064383561
1.408,-14.5338203132259
1.414,-14.534469682442
1.42,-14.5328530115494
1.426,-14.5318569582882
1.432,-14.5285623173669
1.438,-14.5239520639682
1.444,-14.5180307207512
1.45,-14.5108091110229
1.456,-14.5023525440461
1.462,-14.492455575569
1.468,-14.4813837670817
1.474,-14.4690422363223
1.48,-14.455448767464
1.486,-14.440626925662
1.492,-14.4260707076436
1.498,-14.4071552561159
1.504,-14.3886789850693
1.51,-14.3689934758721
1.516,-14.3481265946826
1.522,-14.3260964067484
1.528,-14.3029200393473
1.534,-14.2786149131196
1.54,-14.2531990395237
1.546,-14.2266911085041
1.552,-14.1991105098805
1.558,-14.1704773277174
1.564,-14.1344077784554
1.57,-14.0792140005755
1.576,-14.0247341888453
1.582,-13.9709161339458
1.588,-13.9177099629494
1.594,-13.8650678549724
1.6,-13.8129437902754
1.606,-13.7612933308005
1.612,-13.7100734299749
1.618,-13.6592422695212
1.624,-13.6087591209941
1.63,-13.5585842297824
1.636,-13.5086787193738
1.642,-13.4590045137635
1.648,-13.4095242759908
1.654,-13.3602013608999
1.66,-13.3109997803491
1.666,-13.2618841792179
1.672,-13.2128198206911
1.678,-13.1637725794293
1.684,-13.1147089413612
1.69,-13.0655960089566
1.696,-13.0164015109551
1.702,-12.967093815641
1.708,-12.9176419468593
1.714,-12.8680156020703
1.72,-12.8181851718316
1.726,-12.7681217601899
1.732,-12.7177972055417
1.738,-12.6671841016064
1.744,-12.6162558182256
1.75,-12.5649865217796
1.756,-12.5133511950857
1.762,-12.4613256567305
1.768,-12.4088865798934
1.774,-12.3560115108689
1.78,-12.3026788877348
1.786,-12.2488680600422
1.792,-12.1945593112442
1.798,-12.1397338873794
1.804,-12.0843740397451
1.81,-12.0284631002298
1.816,-11.9719856402109
1.822,-11.914927876336
1.828,-11.8572789855968
1.834,-11.7990372702665
1.84,-11.7402762569301
1.846,-11.6801777419517
1.852,-11.6202570805098
1.858,-11.5594710928633
1.864,-11.4979998398299
1.87,-11.4358527128606
1.876,-11.3730278842497
1.882,-11.3095219140547
1.888,-11.2453315594469
1.894,-11.18045429759
1.9,-11.1148885224981
1.906,-11.0486336364778
1.912,-10.9816901018085
1.918,-10.914059475978
1.924,-10.8457444399132
1.93,-10.7767488234508
1.936,-10.7070776301327
1.942,-10.6367370624314
1.948,-10.5657345480374
1.954,-10.4940787675904
1.96,-10.4217796841002
1.966,-10.3488485742207
1.972,-10.2752980614873
1.978,-10.2011421515896
1.984,-10.1263962697229
1.99,-10.0510773000338
1.996,-9.97520362715314
2.002,-9.89879517978338
2.008,-9.82187347628393
2.014,-9.74446167216941
2.02,-9.66658460940829
2.026,-9.58826886737728
2.032,-9.50954281529292
2.038,-9.4304366659044
2.044,-9.35098253019139
2.05,-9.27121447276626
2.056,-9.19116856763303
2.062,-9.11088295390365
2.068,-9.03039789101766
2.074,-8.94975581295264
2.08,-8.86900138085084
2.086,-8.7881815334222
2.092,-8.70734553441614
2.098,-8.62654501638383
2.104,-8.54583401988099
2.11,-8.46526902718851
2.116,-8.38490898955528
2.122,-8.30481534689732
2.128,-8.22415766373485
2.134,-8.14308383018084
2.14,-8.06257327570765
2.146,-7.98268291205055
2.152,-7.90347066017628
2.158,-7.8249954204997
2.164,-7.74731703610741
2.17,-7.67049624852856
2.176,-7.5945946456108
2.182,-7.5196746010837
2.188,-7.4457992054229
2.194,-7.37303218766742
2.2,-7.30143782788919
2.206,-7.2310808600684
2.212,-7.16202636519121
2.218,-7.09433965445671
2.224,-7.02808614255725
2.23,-6.9633312110807
2.236,-6.90014006217104
2.242,-6.83857756267565
2.248,-6.77870807909873
2.254,-6.7205953037681
2.26,-6.66430207270079
2.266,-6.60989017571516
2.272,-6.55742015937188
2.278,-6.50695112331952
2.284,-6.45854051054863
2.29,-6.4122438918886
2.296,-6.36811474475833
2.302,-6.32620422561943
2.308,-6.28656093463061
2.314,-6.24923066941267
2.32,-6.21425616214995
2.326,-6.18167678963809
2.332,-6.15152823772025
2.338,-6.12384208657547
2.344,-6.09864525464377
2.35,-6.07595918115385
2.356,-6.05579850331978
2.362,-6.03816869858387
2.368,-6.02306144200701
2.374,-6.01044439882597
2.38,-6.00023556882548
2.386,-5.9922263029658
2.392,-5.98578437051902
2.398,-5.97830395510031
2.404,-5.98244269990976
2.41,-6.00000066317736
2.416,-6.0042618167132
2.422,-6.01171967081289
2.428,-6.02214606818885
2.434,-6.03529889649305
2.44,-6.05104663283931
2.446,-6.06930407886336
2.452,-6.09000520358564
2.458,-6.11309190499422
2.464,-6.13850899573583
2.47,-6.1662018153764
2.476,-6.19611504854262
2.482,-6.22819213923862
2.488,-6.26237501873572
2.494,-6.29860400689091
2.5,-6.33681781316031
2.506,-6.37695359643257
2.512,-6.41894705994028
2.518,-6.46273256687175
2.524,-6.50824326764956
2.53,-6.55541123301812
2.536,-6.60416758904623
2.542,-6.65444265141116
2.548,-6.70616605717167
2.554,-6.75926689281846
2.56,-6.8136738178056
2.566,-6.86931518307179
2.572,-6.92611914429027
2.578,-6.98401376976177
2.584,-7.04292714300054
2.59,-7.10278746016764
2.596,-7.16352312258473
2.602,-7.22506282461985
2.608,-7.28733563727725
2.614,-7.35027108784852
2.62,-7.41379923599425
2.626,-7.47785074662607
2.632,-7.54235695994886
2.638,-7.60724995900483
2.644,-7.67246263503498
2.65,-7.73792875094165
2.656,-7.80358300309851
2.662,-7.86936108171361
2.668,-7.93519972990696
2.674,-8.00103680161926
2.68,-8.0668113184217
2.686,-8.1324635252515
2.692,-8.19793494505304
2.698,-8.26316843226244
2.704,-8.32810822503393
2.71,-8.39269999607078
2.716,-8.4568909018928
2.722,-8.52062963034574
2.728,-8.58386644613783
2.734,-8.64655323417381
2.74,-8.70864354044868
2.746,-8.77009261026113
2.752,-8.83085742351185
2.758,-8.89089672686269
2.764,-8.95017106255082
2.77,-9.00864279367533
2.776,-9.0662761258039
2.782,-9.12303712478103
2.788,-9.1788937306584
2.794,-9.23381576770915
2.8,-9.28777495052997
2.806,-9.34074488627608
2.812,-9.3927010731093
2.818,-9.44362089496477
2.824,-9.49348361274949
2.83,-9.54227035206486
2.836,-9.58996408748089
2.842,-9.63654962325942
2.848,-9.68201357019644
2.854,-9.72634431788402
2.86,-9.7695320011201
2.866,-9.81156845833434
2.872,-9.85244717864206
2.878,-9.89216323234972
2.884,-9.93071317726508
2.89,-9.96809492987883
2.896,-10.0043075863404
2.902,-10.0393511733496
2.908,-10.073226304344
2.914,-10.1059337133464
2.92,-10.1374736407821
2.926,-10.1678450578873
2.932,-10.1970447467439
2.938,-10.2250663100317
2.944,-10.251899272772
2.95,-10.2775285481105
2.956,-10.3019346336463
2.962,-10.3250949120893
2.968,-10.346986261302
2.974,-10.3675887891265
2.98,-10.3868899835947
2.986,-10.4048881592904
2.992,-10.4215940869224
2.998,-10.4370302304692
3.004,-10.4512278561978
3.01,-10.4642229724877
3.016,-10.4760522699727
3.022,-10.4867499522153
3.028,-10.4963458368125
3.034,-10.5048646531672
3.04,-10.5123262133448
3.046,-10.5187460813336
3.052,-10.5241364339113
3.058,-10.5285069127848
3.064,-10.5318653637224
3.07,-10.5342184258833
3.076,-10.5355719737904
3.082,-10.5359314327711
3.088,-10.5353019942468
3.094,-10.5336887560989
3.1,-10.5310968093823
3.106,-10.5275312880514
3.112,-10.522997394131
3.118,-10.5175004072732
3.124,-10.5110456849501
3.13,-10.5036386575283
3.136,-10.4952848210422
3.142,-10.4859897294677
3.148,-10.4757589876088
3.154,-10.4645982452369
3.16,-10.4525131928127
3.166,-10.4395095589183
3.172,-10.4255931093997
3.178,-10.4107696481427
3.184,-10.3950450193627
3.19,-10.3784251112658
3.196,-10.3609158609312
3.202,-10.342523260268
3.208,-10.3232533629023
3.214,-10.3031122918627
3.22,-10.282106247941
3.226,-10.2602415186182
3.232,-10.2375244874528
3.238,-10.2139616438442
3.244,-10.1895595930887
3.25,-10.1643250666587
3.256,-10.1405295578005
3.262,-10.1163873192084
3.268,-10.0919366750908
3.274,-10.0672187524666
3.28,-10.0422776093841
3.286,-10.0171603631718
3.292,-9.99191731765391
3.298,-9.96660208807424
3.304,-9.9412717222685
3.31,-9.91598681639278
3.316,-9.89081162326904
3.322,-9.86581415113499
3.328,-9.84106625029314
3.334,-9.81664368484073
3.34,-9.79262618633189
3.346,-9.7690974858787
3.352,-9.74614532084381
3.358,-9.72386141192076
3.364,-9.70234140604692
3.37,-9.68168478025954
3.376,-9.66199470130005
3.382,-9.64337783551194
3.388,-9.62594410338247
3.394,-9.60980637296861
3.4,-9.59508008645017
3.406,-9.58188281419389
3.412,-9.57033373102345
3.418,-9.56055300990365
3.424,-9.55266112899642
3.43,-9.54677808906555
3.436,-9.5430225395271
3.442,-9.54151081309231
3.448,-9.54235587094975
3.454,-9.54566616279629
3.46,-9.55154440875171
3.466,-9.56008631326214
3.472,-9.57137922447843
3.478,-9.58550075622606
3.484,-9.60251739348132
3.49,-9.62248310611952
3.496,-9.64543799946705
3.502,-9.67140703370111
3.508,-9.700398847209
3.514,-9.732404721432
3.52,-9.7673977262587
3.526,-9.80533208547911
3.532,-9.8461428009607
3.538,-9.88974557188591
3.544,-9.93603704147169
3.55,-9.98489539801313
3.556,-10.0361813498756
3.562,-10.0897394853177
3.568,-10.1454000179805
3.574,-10.2029809078534
3.58,-10.2622903359508
3.586,-10.3231294993281
3.592,-10.3852956819979
3.598,-10.4485855474009
3.604,-10.5127985899221
3.61,-10.5777406770705
3.616,-10.6432276107804
3.622,-10.7090886361349
3.628,-10.7751698287394
3.634,-10.841337297889
3.64,-10.9074801512348
3.646,-10.9735131773543
3.652,-11.0393792147715
3.658,-11.1050511887478
3.664,-11.170533809717
3.67,-11.2358649387024
3.676,-11.3011166346463
3.682,-11.3663959056399
3.688,-11.4318451900679
3.694,-11.497642594378
3.7,-11.5640019114663
3.706,-11.6311724376438
3.712,-11.6994385971485
3.718,-11.7691193716795
3.724,-11.8405675191303
3.73,-11.9141685514008
3.736,-11.9903394268319
3.742,-12.0695268995142
3.748,-12.1522054566729
3.754,-12.2388747678162
3.76,-12.3300565666923
3.766,-12.4262908906472
3.772,-12.5281316129186
3.778,-12.6361412226682
3.784,-12.7508848356424
3.79,-12.8729234551174
3.796,-13.0028065472461
3.802,-13.1410640451172
3.808,-13.2881979487416
3.814,-13.4446737397833
3.82,-13.6109118753968
3.826,-13.787279659931
3.832,-13.9740838116803
3.838,-14.1715640404134
3.844,-14.3798879278152
3.85,-14.5991473570944
3.856,-14.8293566721461
3.862,-15.070452665446
3.868,-15.3222964038349
3.874,-15.58467681018
3.88,-15.8573158343743
3.886,-16.139874976192
3.892,-16.4319628704004
3.898,-16.7331436142089
3.904,-17.042945509182
3.91,-17.3608699024431
3.916,-17.6863998419091
3.922,-18.0190083028314
3.928,-18.3581657930873
3.934,-18.7033471976505
3.94,-19.0540377743268
3.946,-19.4097382599707
3.952,-19.7699690868314
3.958,-20.1342737413006
3.964,-20.5022213218202
3.97,-20.8734083694921
3.976,-21.2474600548067
3.982,-21.6240308079971
3.988,-22.0028044800076
3.994,-22.3834941171039
4,-22.7658414258062
4.006,-23.1496159969943
4.012,-23.5346143494436
4.018,-23.9206588442677
4.024,-24.3075965131694
4.03,-24.6952978353057
4.036,-25.0836554901197
4.042,-25.4725831067659
4.048,-25.862014024746
4.054,-26.251900075075
4.06,-26.6422103866255
4.066,-27.0329302181652
4.072,-27.4240598129365
4.078,-27.8156132692832
4.084,-28.2076174177479
4.09,-28.6001106921042
4.096,-28.9931419788658
4.102,-29.3867694268305
4.108,-29.7810591950545
4.114,-30.1760841142492
4.12,-30.5719222328129
4.126,-30.9686552145074
4.132,-31.3663665500586
4.138,-31.7651395396372
4.144,-32.1650549972324
4.15,-32.5661886213263
4.156,-32.9686079690836
4.162,-33.3723689635926
4.168,-33.7775118557772
4.174,-34.1840565548801
4.18,-34.5919972345447
4.186,-35.0012961165354
4.192,-35.4118763325036
4.198,-35.8236137680803
4.204,-36.2363278058522
4.21,-36.6497709084137
4.216,-37.0636170247878
4.222,-37.4774488694571
4.228,-37.8907442206514
4.234,-38.3028615217743
4.24,-38.7130252551546
4.246,-39.1203117968858
4.252,-39.5236367566211
4.258,-39.9217451486143
4.264,-40.3132061065945
4.27,-40.6964141999078
4.276,-41.0695996588728
4.282,-41.4308498714822
4.288,-41.77814424742
4.294,-42.1094038338507
4.3,-42.4225558227114
4.306,-42.7156113131705
4.312,-42.986752531057
4.318,-43.2344234795897
4.324,-43.4574161749266
4.33,-43.6549437341533
4.336,-43.826692055799
4.342,-43.9728438075165
4.348,-44.0940716656261
4.354,-44.1915016226132
4.36,-44.2666508780374
4.366,-44.3213475963361
4.372,-44.35764117636
4.378,-44.3777115523292
4.384,-44.3837847122954
4.39,-44.3780595667088
4.396,-44.3626490481205
4.402,-44.3395362901967
4.408,-44.3105451674266
4.414,-44.277323456767
4.42,-44.2413363670754
4.426,-44.2038680626467
4.432,-44.1660289553079
4.438,-44.1287668388119
4.444,-44.0928802993731
4.45,-44.0590331962302
4.456,-44.0277693304527
4.462,-43.9995266925324
4.468,-43.9746508958897
4.474,-43.9534075679957
4.48,-43.9359935907106
4.486,-43.9225471650767
4.492,-43.9131567313118
4.498,-43.9078688092317
4.504,-43.9066948436303
4.51,-43.9096171478466
4.516,-43.9165940403478
4.522,-43.9275642662027
4.528,-43.9424507896533
4.534,-43.9611640368843
4.54,-43.9836046604026
4.546,-44.0096658887218
4.552,-44.0392355176626
4.558,-44.0721975926944
4.564,-44.1084338254853
4.57,-44.1478247822061
4.576,-44.1902508761432
4.582,-44.2355931927823
4.588,-44.2837341716844
4.594,-44.3345581661293
4.6,-44.3879518985914
4.606,-44.4438048276008
4.612,-44.5020094393676
4.618,-44.5624614756636
4.624,-44.6250601078399
4.63,-44.6897080654556
4.636,-44.756311726786
4.642,-44.8247811774436
4.648,-44.8950302424338
4.654,-44.9669764962076
4.66,-45.0405412545898
4.666,-45.1156495518929
4.672,-45.1922301060202
4.678,-45.2702152739403
4.684,-45.3495409995298
4.69,-45.4301467554748
4.696,-45.5119754806311
4.702,-45.5949735140136
4.708,-45.6790905263825
4.714,-45.7642794501995
4.72,-45.8504964086052
4.726,-45.9377006439117
4.732,-46.0258544460097
4.738,-46.1149230809956
4.744,-46.2048747202339
4.75,-46.2956803700195
4.756,-46.3873138019324
4.762,-46.47975148394
4.768,-46.5729725122671
4.774,-46.6669585440077
4.78,-46.7616937304455
4.786,-46.8571646510107
4.792,-46.9533602478029
4.798,-47.0502717605783
4.804,-47.1478926621021
4.81,-47.2462185937562
4.816,-47.3452473012771
4.822,-47.4449785705039
4.828,-47.5454141630041
4.834,-47.6465577514391
4.84,-47.7484148545334
4.846,-47.8509927714878
4.852,-47.9543005156906
4.858,-48.0583487475487
4.864,-48.1631497062682
4.87,-48.2687171403821
4.876,-48.3750662368183
4.882,-48.4822135482746
4.888,-48.5901769186443
4.894,-48.6989754062026
4.9,-48.8086292042421
4.906,-48.9191595587965
4.912,-49.0305886830514
4.918,-49.1429396679978
4.924,-49.2562363888141
4.93,-49.3705034064134
4.936,-49.4857658635214
4.942,-49.6020493745403
4.948,-49.719379908423
4.954,-49.8377836636172
4.96,-49.9572869340814
4.966,-50.0779159652212
4.972,-50.1996967984692
4.978,-50.3226551030851
4.984,-50.4468159935901
4.99,-50.5722038310553
4.996,-50.6988420062918
5.002,-50.8267527027578
5.008,-50.9559566367727
5.014,-51.0864727723866
5.02,-51.2183180079734
5.026,-51.3515068313438
5.032,-51.486050939874
5.038,-51.6219588218294
5.044,-51.7592352947587
5.05,-51.8978809964965
5.056,-52.0378918240118
5.062,-52.1792583150563
5.068,-52.3219649672793
5.074,-52.4659894893059
5.08,-52.6113019781291
5.086,-52.7578640171684
5.092,-52.9056276894921
5.098,-53.0545345010581
5.104,-53.2045142094398
5.11,-53.3554835544843
5.116,-53.507344888749
5.122,-53.6599847074932
5.128,-53.8132720806224
5.134,-53.9670569923624
5.14,-54.1211685987664
5.146,-54.2754134186089
5.152,-54.4295734798363
5.158,-54.5834044517936
5.164,-54.7366338029207
5.17,-54.8889590345377
5.176,-55.040046053742
5.182,-55.1895277619761
5.188,-55.3370029501514
5.194,-55.482035605704
5.2,-55.6241547505654
5.206,-55.7628549405695
5.212,-55.8975975645306
5.218,-56.0278130832111
5.224,-56.1529043423488
5.23,-56.2722510775761
5.236,-56.3852157001907
5.242,-56.4911504098154
5.248,-56.5894056222711
5.254,-56.679339629298
5.26,-56.7603293237767
5.266,-56.8317817344644
5.272,-56.8931460251787
5.278,-56.9439255331697
5.284,-56.983689360178
5.29,-57.0120829965737
5.296,-57.0288374617589
5.302,-57.0337764872604
5.308,-57.0268213525174
5.314,-57.0079931023983
5.32,-56.977412020094
5.326,-56.9352943859178
5.332,-56.8819467064
5.338,-56.8177577342431
5.344,-56.7431887059794
5.35,-56.6587622924388
5.356,-56.5650507845463
5.362,-56.4626640251388
5.368,-56.352237552457
5.374,-56.2344213513089
5.38,-56.10986952308
5.386,-55.9792310955925
5.392,-55.8431421059771
5.398,-55.7022190107147
5.404,-55.5570534104413
5.41,-55.4082080251516
5.416,-55.2562138180669
5.422,-55.1015681426054
5.428,-54.9447337748413
5.434,-54.7861386911259
5.44,-54.6261764550093
5.446,-54.4652070870221
5.452,-54.3035583033609
5.458,-54.1415270236228
5.464,-53.9793810622604
5.47,-53.8173609324842
5.476,-53.6556817045143
5.482,-53.4945348718906
5.488,-53.3340901899579
5.494,-53.1744974595193
5.5,-53.0158882361765
5.506,-52.8104765391679
5.512,-52.6083411028326
5.518,-52.4094213854352
5.524,-52.2136604270457
5.53,-52.0210045792415
5.536,-51.831403251038
5.542,-51.644808669749
5.548,-51.4611756556231
5.554,-51.2804614092356
5.56,-51.1026253107298
5.566,-50.9276287301124
5.572,-50.7554348478985
5.578,-50.5860084854885
5.584,-50.4193159447382
5.59,-50.2553248562462
5.596,-50.0940040359473
5.602,-49.9353233496531
5.608,-49.7792535852247
5.614,-49.6257663321082
5.62,-49.4748338679939
5.626,-49.3264290523929
5.632,-49.1805252269489
5.638,-49.0370961223225
5.644,-48.8961157715032
5.65,-48.7575584294155
5.656,-48.621398498695
5.662,-48.4876104615153
5.668,-48.35616881735
5.674,-48.2270480265549
5.68,-48.1002224596507
5.686,-47.9756663521872
5.692,-47.8533537650579
5.698,-47.7332585501332
5.704,-47.6153543210684
5.71,-47.4996144291337
5.716,-47.3860119439062
5.722,-47.2745196386519
5.728,-47.1651099802174
5.734,-47.0577551232402
5.74,-46.9524269084786
5.746,-46.849096865052
5.752,-46.7477362163775
5.758,-46.6483158895786
5.764,-46.5508065281381
5.77,-46.455178507562
5.776,-46.3614019538193
5.782,-46.2694467643176
5.788,-46.1792826311765
5.794,-46.0908790665606
5.8,-46.0042054298345
5.806,-45.9192309563081
5.812,-45.8359247873417
5.818,-45.7542560015884
5.824,-45.6741936471585
5.83,-45.5957067744937
5.836,-45.518764469755
5.842,-45.4433358885297
5.848,-45.3693902896794
5.854,-45.2968970691564
5.86,-45.2258257936308
5.866,-45.1561462337805
5.872,-45.087828397106
5.878,-45.0208425601474
5.884,-44.9551592999891
5.89,-44.8907495249527
5.896,-44.827584504385
5.902,-44.765635897466
5.908,-44.704875780966
5.914,-44.6452766758958
5.92,-44.5868115730011
5.926,-44.5294539570639
5.932,-44.4731778299814
5.938,-44.4179577326006
5.944,-44.3637687652955
5.95,-44.3105866072822
5.956,-44.2583875346694
5.962,-44.207148437253
5.968,-44.1568468340652
5.974,-44.1074608876935
5.98,-44.0589694173915
5.986,-44.0113519110033
5.992,-43.9645885357293
5.998,-43.9186601477619
6.004,-43.8735483008224
6.01,-43.8292352536314
6.016,-43.7857039763456
6.022,-43.7429381559958
6.028,-43.7009222009603
6.034,-43.6596412445073
6.04,-43.619081147441
6.046,-43.579228499883
6.052,-43.5400706222232
6.058,-43.5015955652695
6.064,-43.4637921096264
6.07,-43.4266497643307
6.076,-43.3901587647713
6.082,-43.3543100699166
6.088,-43.3190953588733
6.094,-43.2845070267972
6.1,-43.2505381801754
6.106,-43.2171826314963
6.112,-43.1844348933234
6.118,-43.1522901717845
6.124,-43.1207443594906
6.13,-43.08979402789
6.136,-43.059436419069
6.142,-43.0296694370028
6.148,-43.0004916382624
6.154,-42.9719022221799
6.16,-42.9439010204744
6.166,-42.9164884863386
6.172,-42.8896656829863
6.178,-42.8634342716586
6.184,-42.8377964990882
6.19,-42.8127551844174
6.196,-42.7883137055689
6.202,-42.7644759850652
6.208,-42.7412464752948
6.214,-42.7186301432213
6.22,-42.6966324545351
6.226,-42.6752593572449
6.232,-42.6545172647093
6.238,-42.6344130381097
6.244,-42.6149539683654
6.25,-42.5961477574964
6.256,-42.5780024994378
6.262,-42.5605266603141
6.268,-42.5437290581836
6.274,-42.5276188422639
6.28,-42.5122054716547
6.286,-42.4974986935732
6.292,-42.4835085211253
6.298,-42.470245210633
6.304,-42.4577192385472
6.31,-42.4459412779734
6.316,-42.4349221748447
6.322,-42.4246729237788
6.328,-42.4152046436569
6.334,-42.4065285529708
6.34,-42.3986559449813
6.346,-42.3915981627412
6.352,-42.3853665740334
6.358,-42.3799725462814
6.364,-42.3754274214921
6.37,-42.3717424912904
6.376,-42.3689289721134
6.382,-42.3669979806274
6.388,-42.3659605094391
6.394,-42.3658274031701
6.4,-42.366609334966
6.406,-42.3683167835142
6.412,-42.3709600106424
6.418,-42.3745490395722
6.424,-42.3790936338992
6.43,-42.3846032773754
6.436,-42.3910871545617
6.442,-42.3985541324223
6.448,-42.4070127429288
6.454,-42.4164711667384
6.46,-42.4269372180085
6.466,-42.4384183304073
6.472,-42.4509215443759
6.478,-42.4644534956902
6.484,-42.4790204053732
6.49,-42.494628070995
6.496,-42.5112818593999
6.502,-42.5289867008894
6.508,-42.5477470848875
6.514,-42.5675670571068
6.52,-42.5884502182295
6.526,-42.6103997241086
6.532,-42.6334182874934
6.538,-42.6575081812705
6.544,-42.6826712432116
6.55,-42.7089088822106
6.556,-42.7362220859847
6.562,-42.7646114302139
6.568,-42.7940770890815
6.574,-42.8246188471784
6.58,-42.856236112725
6.586,-42.888927932063
6.592,-42.9226930053627
6.598,-42.9575297034892
6.604,-42.9934360859666
6.61,-43.0304099199762
6.616,-43.0684487003218
6.622,-43.1075496702934
6.628,-43.1477098433587
6.634,-43.1889260256085
6.64,-43.2311948388828
6.646,-43.2745127445032
6.652,-43.3188760675349
6.658,-43.3642810215029
6.664,-43.410723733486
6.67,-43.4582002695124
6.676,-43.5067066601805
6.682,-43.5562389264291
6.688,-43.6067931053803
6.694,-43.6583652761798
6.7,-43.7109515857584
6.706,-43.7645482744383
6.712,-43.8191517013063
6.718,-43.8747583692772
6.724,-43.931364949767
6.73,-43.9889683068936
6.736,-44.0475655211215
6.742,-44.1071539122606
6.748,-44.1677310617275
6.754,-44.2292948339687
6.76,-44.2918433969405
6.766,-44.3553752415305
6.772,-44.4198891997945
6.778,-44.4853844618724
6.784,-44.5518605914298
6.79,-44.6193175394566
6.796,-44.6877556562331
6.802,-44.7571757012522
6.808,-44.8275788508578
6.814,-44.8989667033317
6.82,-44.9713412811226
6.826,-45.0447050298735
6.832,-45.1190608138556
6.838,-45.1944119073656
6.844,-45.2707619815793
6.85,-45.3481150862915
6.856,-45.4264756258874
6.862,-45.5058483288061
6.868,-45.5862382096518
6.874,-45.6676505229965
6.88,-45.7500907077818
6.886,-45.8335643210836
6.892,-45.9180769598305
6.898,-46.0036341688772
6.904,-46.0902413336163
6.91,-46.177903555066
6.916,-46.266625505094
6.922,-46.3564112591238
6.928,-46.4472641033163
6.934,-46.5391863128206
6.94,-46.6321788972444
6.946,-46.726241308988
6.952,-46.8213711095347
6.958,-46.9175635881628
6.964,-47.0148113268595
6.97,-47.1131037044591
6.976,-47.2124263321992
6.982,-47.3127604119901
6.988,-47.414082007729
6.994,-47.5163612189732
7,-47.6195612452216
7.006,-47.7236373279864
7.012,-47.8285355567786
7.018,-47.9341915241579
7.024,-48.0405288141697
7.03,-48.1474573079143
7.036,-48.2548712897993
7.042,-48.3626473383901
7.048,-48.4706419869219
7.054,-48.5786891407495
7.06,-48.6865972426506
7.066,-48.7941461823893
7.072,-48.901083954798
7.078,-49.0071230814511
7.084,-49.11193682542
7.09,-49.2151552473224
7.096,-49.3163611745576
7.102,-49.4150861848222
7.108,-49.510806740011
7.114,-49.6029406473029
7.12,-49.690844069778
7.126,-49.7738093575007
7.132,-49.8510640185116
7.138,-49.9217711928295
7.144,-49.9850320247564
7.15,-50.0398903410297
7.156,-50.0853400246945
7.162,-50.1203354163907
7.168,-50.1438049664318
7.174,-50.1546681961444
7.18,-50.1518558049485
7.186,-50.1343324888415
7.192,-50.1011217354914
7.198,-50.0513315616197
7.204,-49.9841798996888
7.21,-49.8990181672631
7.216,-49.795351504249
7.222,-49.6728542680917
7.228,-49.5313796411567
7.234,-49.3709626081986
7.24,-49.1918160600907
7.246,-48.9943203099344
7.252,-48.7790068001181
7.258,-48.5465371720377
7.264,-48.2976791210713
7.27,-48.0332805505052
7.276,-47.7542434777733
7.282,-47.4614989635729
7.288,-47.1559840703196
7.294,-46.8386215550362
7.3,-46.5103027024428
7.306,-46.1718734363425
7.312,-45.8241236295829
7.318,-45.4677793723138
7.324,-45.1034978538225
7.33,-44.7318644580781
7.336,-44.3533916574299
7.342,-43.9685193020734
7.348,-43.5776159350103
7.354,-43.1809808049219
7.36,-42.7788462961264
7.366,-42.3713805409418
7.372,-41.9586900222279
7.378,-41.5408220108345
7.384,-41.1177667132403
7.39,-40.6894590286045
7.396,-40.2557798318703
7.402,-39.8165567107917
7.408,-39.3715640901255
7.414,-38.9205226760185
7.42,-38.4630981479085
7.426,-37.9988990139245
7.432,-37.5274735283568
7.438,-37.0483055454304
7.444,-36.5608091510068
7.45,-36.0643218709185
7.456,-35.5580961985006
7.462,-35.0412891103189
7.468,-34.512949142182
7.474,-33.9720004687682
7.48,-33.4172232574091
7.486,-32.847229332009
7.492,-32.2604318606251
7.498,-31.655007330839
7.504,-31.0288474413365
7.51,-30.3794976241812
7.516,-29.7040775748557
7.522,-28.9991771716226
7.528,-28.2607181234913
7.534,-27.4837669355969
7.54,-26.6622771609932
7.546,-25.7887263089856
7.552,-24.8535912149938
7.558,-23.844567263297
7.564,-22.7453651740258
7.57,-21.5337777594914
7.576,-20.1784114760657
7.582,-18.632797977474
7.588,-16.8238813668049
7.594,-14.6269014521366
7.6,-11.8013615253347
7.606,-7.7829500873295
7.612,-0.630279963937603
7.618,7.19285427791836
7.624,-4.35706607426811
7.63,-9.25143145826836
7.636,-12.2890067828316
7.642,-14.4717783772238
7.648,-16.1628374065565
7.654,-17.5344995202696
7.66,-18.6820892432621
7.666,-19.6638762490618
7.672,-20.5180823527903
7.678,-21.2711332841912
7.684,-21.9420601097907
7.69,-22.5450226130163
7.696,-23.0908407905851
7.702,-23.5879682964817
7.708,-24.0431353032685
7.714,-24.4617869463977
7.72,-24.8483906951524
7.726,-25.2066570221602
7.732,-25.5397011532593
7.738,-25.8501638194339
7.744,-26.1403028791224
7.75,-26.4120638551366
7.756,-26.6671349526425
7.762,-26.9069904823921
7.768,-27.1329255024996
7.774,-27.3460837266117
7.78,-27.5474802099985
7.786,-27.7380199435159
7.792,-27.9185132100671
7.798,-28.0896883569666
7.804,-28.2522024887663
7.81,-28.4066504737944
7.816,-28.5535725735521
7.822,-28.6934609399562
7.828,-28.8267651760379
7.834,-28.9538971173858
7.84,-29.0752349616453
7.846,-29.1911268497663
7.852,-29.3018939839489
7.858,-29.4078333522714
7.864,-29.5092201179548
7.87,-29.6063097214964
7.876,-29.6993397360045
7.882,-29.7885315096077
7.888,-29.8740916235116
7.894,-29.9562131899033
7.9,-30.0350770102737
7.906,-30.1108526117173
7.912,-30.1836991762389
7.918,-30.253766375987
7.924,-30.321195125547
7.93,-30.3861182609212
7.936,-30.4486611535453
7.942,-30.5089422666028
7.948,-30.5670736599685
7.954,-30.6231614493191
7.96,-30.6773062242644
7.966,-30.729603429764
7.972,-30.7801437145863
7.978,-30.8290132501271
7.984,-30.8762940225221
7.99,-30.9220641006555
7.996,-30.9663978823758
8.002,-31.009366320979
8.008,-31.0510371337929
8.014,-31.0914749945051
8.02,-31.1307417107033
8.026,-31.1688963879443
8.032,-31.2059955815383
8.038,-31.2420934371109
8.044,-31.2772418209057
8.05,-31.3114904406928
8.056,-31.3448869580696
8.062,-31.3774770928615
8.068,-31.4093047202689
8.074,-31.4404119613449
8.08,-31.4708392673355
8.086,-31.5006254983675
8.092,-31.5298079969267
8.098,-31.5584226565292
8.104,-31.5865039859558
8.11,-31.6140851693875
8.116,-31.6411981227513
8.122,-31.6678735465617
8.128,-31.694140975518
8.134,-31.7200288250984
8.14,-31.7455644353719
8.146,-31.7707741122318
8.152,-31.7956831662381
8.158,-31.8203159492439
8.164,-31.8446958889644
8.17,-31.8688455216383
8.176,-31.8927865229175
8.182,-31.9165397371132
8.188,-31.9401252049157
8.194,-31.963562189697
8.2,-31.9868692024972
8.206,-32.0100640257895
8.212,-32.03316373611
8.218,-32.0561847256337
8.224,-32.0791427227721
8.23,-32.1020528118615
8.236,-32.1249294520074
8.242,-32.1477864951454
8.248,-32.1706372033735
8.254,-32.1934942656085
8.26,-32.2163698136147
8.266,-32.2392754374489
8.272,-32.2622222003634
8.278,-32.2852206532054
8.284,-32.3082808483485
8.29,-32.3314123531878
8.296,-32.3546242632308
8.302,-32.3779252148102
8.308,-32.4013233974462
8.314,-32.4248265658794
8.32,-32.448442051799
8.326,-32.4721767752837
8.332,-32.4960372559752
8.338,-32.5200296239995
8.344,-32.5441596306532
8.35,-32.5684326588654
8.356,-32.5928537334514
8.362,-32.617427531166
8.368,-32.6421583905687
8.374,-32.6670503217089
8.38,-32.6921070156396
8.386,-32.7173318537661
8.392,-32.7427279170364
8.398,-32.7682979949795
8.404,-32.7940445945947
8.41,-32.8199699490975
8.416,-32.8460760265254
8.422,-32.8723645382061
8.428,-32.8988369470904
8.434,-32.9254944759529
8.44,-32.9523381154611
8.446,-32.9793686321147
8.452,-33.0065865760555
8.458,-33.0339922887487
8.464,-33.061585910537
8.47,-33.0893673880658
8.476,-33.117336481581
8.482,-33.1454927720987
8.488,-33.1738356684461
8.494,-33.2023644141742
8.5,-33.2310780943408
8.506,-33.2599756421639
8.512,-33.2890558455447
8.518,-33.3183173534598
8.524,-33.3477586822219
8.53,-33.3773782216082
8.536,-33.407174240857
8.542,-33.4371448945308
8.548,-33.4672882282456
8.554,-33.4976021842681
8.56,-33.5280846069772
8.566,-33.5587332481923
8.572,-33.5895457723678
8.578,-33.6205197616524
8.584,-33.6516527208158
8.59,-33.6829420820404
8.596,-33.7143852095805
8.602,-33.745979404288
8.608,-33.7777219080065
8.614,-33.8096099078331
8.62,-33.8416405402493
8.626,-33.8738108951226
8.632,-33.9061180195787
8.638,-33.9385589217457
8.644,-33.9711305743723
8.65,-34.0038299183202
8.656,-34.0366538659328
8.662,-34.0695993042813
8.668,-34.1026630982908
8.674,-34.1358420937461
8.68,-34.1691331201809
8.686,-34.2025329936516
8.692,-34.2360385193967
8.698,-34.2696464943851
8.704,-34.3033537097543
8.71,-34.3371569531416
8.716,-34.3710530109087
8.722,-34.4050386702639
8.728,-34.4391107212826
8.734,-34.4732659588288
8.74,-34.50750118438
8.746,-34.5418132077579
8.752,-34.5761988487663
8.758,-34.6106549387392
8.764,-34.6451783220022
8.77,-34.6797658572475
8.776,-34.7144144188266
8.782,-34.7491208979625
8.788,-34.7838822038827
8.794,-34.8186952648775
8.8,-34.8535570292835
8.806,-34.8884644663959
8.812,-34.9234145673122
8.818,-34.9584043457078
8.824,-34.9934308385479
8.83,-35.0284911067363
8.836,-35.0635822357035
8.842,-35.098701335937
8.848,-35.1338455434548
8.854,-35.1690120202257
8.86,-35.2041979545357
8.866,-35.239400561306
8.872,-35.2746170823617
8.878,-35.309844786654
8.884,-35.3450809704386
8.89,-35.3803229574112
8.896,-35.4155680988011
8.902,-35.4508137734273
8.908,-35.4860573877155
8.914,-35.5212963756803
8.92,-35.5565281988724
8.926,-35.5917503462937
8.932,-35.6269603342809
8.938,-35.6621557063591
8.944,-35.6973340330676
8.95,-35.7324929117589
8.956,-35.7676299663708
8.962,-35.8027428471764
8.968,-35.8378292305089
8.974,-35.872886818466
8.98,-35.9079133385934
8.986,-35.9429065435481
8.992,-35.9778642107439
8.998,-36.0127841419799
9.004,-36.0476641630515
9.01,-36.0825021233471
9.016,-36.1172958954299
9.022,-36.1520433746062
9.028,-36.1867424784809
9.034,-36.2213911465018
9.04,-36.255987339492
9.046,-36.2905290391726
9.052,-36.3250142476761
9.058,-36.35944098705
9.064,-36.3938072987536
9.07,-36.4281112431462
9.076,-36.4623508989692
9.082,-36.4965243628212
9.088,-36.5306297486282
9.094,-36.5646651871078
9.1,-36.5986288252295
9.106,-36.6325188256706
9.112,-36.6663333662675
9.118,-36.7000706394657
9.124,-36.7337288517646
9.13,-36.7673062231621
9.136,-36.8008009865955
9.142,-36.8342113873816
9.148,-36.8675356826549
9.154,-36.9007721408057
9.16,-36.9339190409165
9.166,-36.9669746721983
9.172,-36.9999373334273
9.178,-37.0328053323812
9.184,-37.065576985276
9.19,-37.0982506162036
9.196,-37.1308245565702
9.202,-37.1632971445358
9.208,-37.195666724455
9.214,-37.2279316463193
9.22,-37.260090265201
9.226,-37.292140940699
9.232,-37.3240820363868
9.238,-37.3559119192625
9.244,-37.387628959201
9.25,-37.4192315284091
9.256,-37.4507180008826
9.262,-37.482086751867
9.268,-37.5133361573202
9.274,-37.5444645933787
9.28,-37.5754704358269
9.286,-37.6063520595695
9.292,-37.6371078381072
9.298,-37.6677361430162
9.304,-37.6982353434307
9.31,-37.7286038055293
9.316,-37.7588398920258
9.322,-37.7889419616626
9.328,-37.8189083687091
9.334,-37.8487374624636
9.34,-37.8784275867596
9.346,-37.9079770794765
9.352,-37.937384272054
9.358,-37.9666474890118
9.364,-37.9957650474729
9.37,-38.0247352566927
9.376,-38.0535564175917
9.382,-38.0822268222936
9.388,-38.1107447536687
9.394,-38.1391084848812
9.4,-38.1673162789434
9.406,-38.1953663882734
9.412,-38.2232570542593
9.418,-38.2509865068288
9.424,-38.2785529640241
9.43,-38.305954631583
9.436,-38.3331897025252
9.442,-38.3602563567457
9.448,-38.3871527606135
9.454,-38.4138770665768
9.46,-38.4404274127752
9.466,-38.4668019226578
9.472,-38.4929987046085
9.478,-38.5190158515785
9.484,-38.5448514407252
9.49,-38.5705035330593
9.496,-38.5959701730983
9.502,-38.6212493885292
9.508,-38.6463391898772
9.514,-38.6712375701841
9.52,-38.6959425046942
9.526,-38.7204519505485
9.532,-38.7447638464884
9.538,-38.7688761125672
9.544,-38.7927866498721
9.55,-38.8164933402542
9.556,-38.8399940460692
9.562,-38.8632866099275
9.568,-38.8863688544542
9.574,-38.9092385820604
9.58,-38.9318935747237
9.586,-38.9543315937815
9.592,-38.9765503797333
9.598,-38.9985476520566
9.604,-39.0203211090331
9.61,-39.0418684275876
9.616,-39.0631872631392
9.622,-39.0842752494647
9.628,-39.105129998576
9.634,-39.1257491006094
9.64,-39.1461301237298
9.646,-39.1662706140479
9.652,-39.1861680955518
9.658,-39.205820070054
9.664,-39.2252240171516
9.67,-39.2443773942035
9.676,-39.263277636322
9.682,-39.2819221563808
9.688,-39.3003083450388
9.694,-39.3184335707812
9.7,-39.3362951799764
9.706,-39.3538904969515
9.712,-39.3712168240838
9.718,-39.3882714419118
9.724,-39.4050516092631
9.73,-39.421554563402
9.736,-39.4377775201948
9.742,-39.4537176742958
9.748,-39.4693721993511
9.754,-39.4847382482241
9.76,-39.4998129532398
9.766,-39.5145934264502
9.772,-39.5290767599203
9.778,-39.5432600260356
9.784,-39.5571402778299
9.79,-39.5707145493362
9.796,-39.5839798559584
9.802,-39.5969331948654
9.808,-39.6095715454079
9.814,-39.6218918695575
9.82,-39.6338911123688
9.826,-39.6455662024645
9.832,-39.656914052544
9.838,-39.6679315599144
9.844,-39.6786156070468
9.85,-39.6889630621546
9.856,-39.6989707797967
9.862,-39.7086356015041
9.868,-39.7179543564309
9.874,-39.7269238620289
9.88,-39.7355409247469
9.886,-39.7438023407537
9.892,-39.7517048966852
9.898,-39.7592453704161
9.904,-39.7664205318555
9.91,-39.7732271437657
9.916,-39.7796619626062
9.922,-39.7857217394008
9.928,-39.7914032206281
9.934,-39.7967031491358
9.94,-39.8016182650786
9.946,-39.8061453068781
9.952,-39.8102810122067
9.958,-39.8140221189927
9.964,-39.8173653664493
9.97,-39.8203074961232
9.976,-39.822845252967
9.982,-39.8249753864307
9.988,-39.8266946515754
9.994,-39.8279998102063
10,-39.8288876320255
